47510,16/02/2016,07:00,19:00,,0
47510,17/02/2016,07:00,19:00,,
47510,18/02/2016,07:00,19:00,,
47510,19/02/2016,07:00,19:00,,
47510,20/02/2016,07:00,19:00,,19:23
47510,21/02/2016,07:00,19:00,07:24,19:08
47510,22/02/2016,07:00,19:00,,
47510,23/02/2016,07:00,19:00,,
47510,24/02/2016,07:00,19:00,,
47510,25/02/2016,07:00,19:00,,
47510,26/02/2016,07:00,19:00,,
47510,27/02/2016,07:00,19:00,07:18,19:18
47510,28/02/2016,07:00,19:00,07:18,19:10
47510,29/02/2016,07:00,19:00,,
50391,16/02/2016,07:00,16:00,,
50391,17/02/2016,07:00,16:00,,
50391,18/02/2016,07:00,16:00,,
50391,19/02/2016,07:00,16:00,,
50391,20/02/2016,07:00,16:00,,
50391,21/02/2016,07:00,16:00,,
50391,22/02/2016,07:00,16:00,,
50391,23/02/2016,07:00,16:00,,
50391,24/02/2016,07:00,16:00,,
50391,25/02/2016,07:00,16:00,,
50391,26/02/2016,07:00,16:00,,
50391,27/02/2016,07:00,16:00,,
50391,28/02/2016,07:00,16:00,,
50391,29/02/2016,07:00,16:00,,
109736,16/02/2016,07:00,19:00,,
109736,17/02/2016,07:00,19:00,,
109736,18/02/2016,07:00,19:00,,
109736,19/02/2016,07:00,19:00,,
109736,20/02/2016,07:00,19:00,,
109736,21/02/2016,07:00,19:00,06:59,19:10
109736,22/02/2016,07:00,19:00,,
109736,23/02/2016,07:00,19:00,,
109736,24/02/2016,07:00,19:00,,
109736,25/02/2016,07:00,19:00,,
109736,26/02/2016,07:00,19:00,,
109736,27/02/2016,07:00,19:00,06:55,19:06
109736,28/02/2016,07:00,19:00,06:54,19:31
109736,29/02/2016,07:00,19:00,,
114510,16/02/2016,19:00,07:00,,
114510,17/02/2016,19:00,07:00,,
114510,18/02/2016,19:00,07:00,,
114510,19/02/2016,19:00,07:00,,
114510,20/02/2016,19:00,07:00,,
114510,21/02/2016,19:00,07:00,,
114510,22/02/2016,19:00,07:00,,
114510,23/02/2016,19:00,07:00,,
114510,24/02/2016,19:00,07:00,,
114510,25/02/2016,19:00,07:00,,
114510,26/02/2016,19:00,07:00,,
114510,27/02/2016,19:00,07:00,18:51,07:01
114510,28/02/2016,19:00,07:00,18:56,07:01
114510,29/02/2016,19:00,07:00,,
131113,16/02/2016,08:00,20:00,,
131113,17/02/2016,08:00,20:00,,
131113,18/02/2016,08:00,20:00,,
131113,19/02/2016,08:00,20:00,,
131113,20/02/2016,08:00,20:00,07:59,
131113,21/02/2016,08:00,20:00,08:17,
131113,22/02/2016,08:00,20:00,,
131113,23/02/2016,08:00,20:00,,
131113,24/02/2016,08:00,20:00,,
131113,25/02/2016,08:00,20:00,,
131113,26/02/2016,08:00,20:00,,
131113,27/02/2016,08:00,20:00,08:03,
131113,28/02/2016,08:00,20:00,08:14,
131113,29/02/2016,08:00,20:00,,
132282,16/02/2016,07:30,16:30,07:11,16:42
132282,17/02/2016,07:30,16:30,07:19,16:52
132282,18/02/2016,07:30,16:30,07:15,16:34
132282,19/02/2016,07:30,16:30,07:16,16:46
132282,20/02/2016,07:30,16:30,,
132282,21/02/2016,07:30,16:30,,
132282,22/02/2016,07:30,16:30,07:16,16:53
132282,23/02/2016,07:30,16:30,07:09,16:39
132282,24/02/2016,07:30,16:30,07:10,16:31
132282,25/02/2016,07:30,16:30,07:11,16:54
132282,26/02/2016,07:30,16:30,07:09,16:39
132282,27/02/2016,07:30,16:30,,
132282,28/02/2016,07:30,16:30,,
132282,29/02/2016,07:30,16:30,07:09,16:53
139977,16/02/2016,13:00,21:00,13:02,20:51
139977,17/02/2016,13:00,21:00,13:00,
139977,18/02/2016,13:00,21:00,,
139977,19/02/2016,13:00,21:00,13:00,20:30
139977,20/02/2016,13:00,21:00,,
139977,21/02/2016,13:00,21:00,,
139977,22/02/2016,13:00,21:00,13:02,20:33
139977,23/02/2016,13:00,21:00,13:00,20:38
139977,24/02/2016,13:00,21:00,12:19,20:46
139977,25/02/2016,13:00,21:00,13:03,21:13
139977,26/02/2016,13:00,21:00,,
139977,27/02/2016,13:00,21:00,,
139977,28/02/2016,13:00,21:00,,
139977,29/02/2016,13:00,21:00,12:49,
140390,16/02/2016,07:00,16:00,07:02,16:00
140390,17/02/2016,07:00,16:00,06:59,16:02
140390,18/02/2016,07:00,16:00,06:44,16:03
140390,19/02/2016,07:00,16:00,07:03,16:01
140390,20/02/2016,07:00,16:00,,
140390,21/02/2016,07:00,16:00,,
140390,22/02/2016,07:00,16:00,06:55,16:01
140390,23/02/2016,07:00,16:00,06:58,16:01
140390,24/02/2016,07:00,16:00,07:03,16:01
140390,25/02/2016,07:00,16:00,06:56,16:04
140390,26/02/2016,07:00,16:00,06:55,14:05
140390,27/02/2016,07:00,16:00,,
140390,28/02/2016,07:00,16:00,,
140390,29/02/2016,07:00,16:00,06:54,16:00
140392,16/02/2016,07:00,16:00,,
140392,17/02/2016,07:00,16:00,,
140392,18/02/2016,07:00,16:00,,
140392,19/02/2016,07:00,16:00,,
140392,20/02/2016,07:00,16:00,,
140392,21/02/2016,07:00,16:00,,
140392,22/02/2016,07:00,16:00,,
140392,23/02/2016,07:00,16:00,,
140392,24/02/2016,07:00,16:00,,
140392,25/02/2016,07:00,16:00,,
140392,26/02/2016,07:00,16:00,,
140392,27/02/2016,07:00,16:00,,
140392,28/02/2016,07:00,16:00,,
140392,29/02/2016,07:00,16:00,,
143531,16/02/2016,13:30,20:00,13:04,20:40
143531,17/02/2016,13:30,20:00,13:09,20:00
143531,18/02/2016,13:30,20:00,13:24,20:31
143531,19/02/2016,13:30,20:00,12:58,20:11
143531,20/02/2016,13:30,20:00,,
143531,21/02/2016,13:30,20:00,,
143531,22/02/2016,13:30,20:00,12:26,20:04
143531,23/02/2016,13:30,20:00,12:52,20:36
143531,24/02/2016,13:30,20:00,13:28,20:05
143531,25/02/2016,13:30,20:00,12:29,20:00
143531,26/02/2016,13:30,20:00,13:29,20:35
143531,27/02/2016,13:30,20:00,,
143531,28/02/2016,13:30,20:00,,
143531,29/02/2016,13:30,20:00,13:05,20:18
147116,16/02/2016,06:00,12:30,06:02,12:31
147116,17/02/2016,06:00,12:30,06:03,
147116,18/02/2016,06:00,12:30,06:07,12:30
147116,19/02/2016,06:00,12:30,06:08,10:30
147116,20/02/2016,06:00,12:30,,
147116,21/02/2016,06:00,12:30,,
147116,22/02/2016,06:00,12:30,06:08,12:30
147116,23/02/2016,06:00,12:30,06:06,12:31
147116,24/02/2016,06:00,12:30,,
147116,25/02/2016,06:00,12:30,06:06,12:30
147116,26/02/2016,06:00,12:30,06:06,12:30
147116,27/02/2016,06:00,12:30,,
147116,28/02/2016,06:00,12:30,,
147116,29/02/2016,06:00,12:30,06:07,12:30
147547,16/02/2016,07:00,13:30,07:00,13:38
147547,17/02/2016,07:00,13:30,06:52,13:43
147547,18/02/2016,07:00,13:30,,
147547,19/02/2016,07:00,13:30,,
147547,20/02/2016,07:00,13:30,,
147547,21/02/2016,07:00,13:30,,
147547,22/02/2016,07:00,13:30,,
147547,23/02/2016,07:00,13:30,,
147547,24/02/2016,07:00,13:30,07:05,14:03
147547,25/02/2016,07:00,13:30,07:13,13:52
147547,26/02/2016,07:00,13:30,06:48,11:58
147547,27/02/2016,07:00,13:30,,
147547,28/02/2016,07:00,13:30,,
147547,29/02/2016,07:00,13:30,,
147661,16/02/2016,07:00,16:00,,
147661,17/02/2016,07:00,16:00,,
147661,18/02/2016,07:00,16:00,,
147661,19/02/2016,07:00,16:00,,
147661,20/02/2016,07:00,16:00,,
147661,21/02/2016,07:00,16:00,,
147661,22/02/2016,07:00,16:00,,
147661,23/02/2016,07:00,16:00,,
147661,24/02/2016,07:00,16:00,06:27,16:00
147661,25/02/2016,07:00,16:00,06:24,16:01
147661,26/02/2016,07:00,16:00,06:34,14:01
147661,27/02/2016,07:00,16:00,,
147661,28/02/2016,07:00,16:00,,
147661,29/02/2016,07:00,16:00,06:18,16:00
147674,16/02/2016,07:00,19:00,,
147674,17/02/2016,07:00,19:00,,
147674,18/02/2016,07:00,19:00,,
147674,19/02/2016,07:00,19:00,,
147674,20/02/2016,07:00,19:00,06:46,19:03
147674,21/02/2016,07:00,19:00,06:53,19:02
147674,22/02/2016,07:00,19:00,,
147674,23/02/2016,07:00,19:00,,
147674,24/02/2016,07:00,19:00,,
147674,25/02/2016,07:00,19:00,,
147674,26/02/2016,07:00,19:00,,
147674,27/02/2016,07:00,19:00,06:57,17:11
147674,28/02/2016,07:00,19:00,06:59,19:04
147674,29/02/2016,07:00,19:00,,
148180,16/02/2016,20:00,07:00,,
148180,17/02/2016,20:00,07:00,,
148180,18/02/2016,20:00,07:00,,
148180,19/02/2016,20:00,07:00,,
148180,20/02/2016,20:00,07:00,,
148180,21/02/2016,20:00,07:00,,
148180,22/02/2016,20:00,07:00,,
148180,23/02/2016,20:00,07:00,,
148180,24/02/2016,20:00,07:00,,
148180,25/02/2016,20:00,07:00,,
148180,26/02/2016,20:00,07:00,,
148180,27/02/2016,20:00,07:00,,
148180,28/02/2016,20:00,07:00,,
148180,29/02/2016,20:00,07:00,,
149791,16/02/2016,07:00,16:00,06:55,16:03
149791,17/02/2016,07:00,16:00,06:58,16:06
149791,18/02/2016,07:00,16:00,06:57,16:02
149791,19/02/2016,07:00,16:00,06:59,16:02
149791,20/02/2016,07:00,16:00,,
149791,21/02/2016,07:00,16:00,,
149791,22/02/2016,07:00,16:00,06:56,16:02
149791,23/02/2016,07:00,16:00,06:57,16:02
149791,24/02/2016,07:00,16:00,06:58,16:02
149791,25/02/2016,07:00,16:00,06:59,16:02
149791,26/02/2016,07:00,16:00,06:59,16:11
149791,27/02/2016,07:00,16:00,,
149791,28/02/2016,07:00,16:00,,
149791,29/02/2016,07:00,16:00,07:01,16:04
150907,16/02/2016,06:30,14:30,06:15,14:10
150907,17/02/2016,06:30,14:30,06:09,14:16
150907,18/02/2016,06:30,14:30,,14:08
150907,19/02/2016,06:30,14:30,06:20,12:33
150907,20/02/2016,06:30,14:30,,
150907,21/02/2016,06:30,14:30,,
150907,22/02/2016,06:30,14:30,06:21,14:09
150907,23/02/2016,06:30,14:30,06:07,14:00
150907,24/02/2016,06:30,14:30,06:32,14:09
150907,25/02/2016,06:30,14:30,06:10,14:06
150907,26/02/2016,06:30,14:30,06:24,14:03
150907,27/02/2016,06:30,14:30,,
150907,28/02/2016,06:30,14:30,,
150907,29/02/2016,06:30,14:30,06:12,14:17
156455,16/02/2016,07:00,19:00,,
156455,17/02/2016,07:00,19:00,,
156455,18/02/2016,07:00,19:00,,
156455,19/02/2016,07:00,19:00,,
156455,20/02/2016,07:00,19:00,07:00,19:12
156455,21/02/2016,07:00,19:00,07:00,19:03
156455,22/02/2016,07:00,19:00,,
156455,23/02/2016,07:00,19:00,,
156455,24/02/2016,07:00,19:00,,
156455,25/02/2016,07:00,19:00,,
156455,26/02/2016,07:00,19:00,,
156455,27/02/2016,07:00,19:00,07:00,19:02
156455,28/02/2016,07:00,19:00,07:02,19:05
156455,29/02/2016,07:00,19:00,,
156633,16/02/2016,08:00,14:30,08:10,14:43
156633,17/02/2016,08:00,14:30,07:22,14:42
156633,18/02/2016,08:00,14:30,08:07,14:31
156633,19/02/2016,08:00,14:30,07:21,18:21
156633,20/02/2016,08:00,14:30,,
156633,21/02/2016,08:00,14:30,,
156633,22/02/2016,08:00,14:30,07:53,14:41
156633,23/02/2016,08:00,14:30,07:57,14:40
156633,24/02/2016,08:00,14:30,08:08,15:27
156633,25/02/2016,08:00,14:30,07:49,15:58
156633,26/02/2016,08:00,14:30,07:14,14:34
156633,27/02/2016,08:00,14:30,,
156633,28/02/2016,08:00,14:30,,
156633,29/02/2016,08:00,14:30,07:47,14:31
156652,16/02/2016,07:00,16:00,,
156652,17/02/2016,07:00,16:00,,
156652,18/02/2016,07:00,16:00,06:49,16:03
156652,19/02/2016,07:00,16:00,06:55,14:04
156652,20/02/2016,07:00,16:00,,
156652,21/02/2016,07:00,16:00,,
156652,22/02/2016,07:00,16:00,06:47,16:23
156652,23/02/2016,07:00,16:00,,
156652,24/02/2016,07:00,16:00,06:59,16:05
156652,25/02/2016,07:00,16:00,06:48,16:05
156652,26/02/2016,07:00,16:00,06:58,17:05
156652,27/02/2016,07:00,16:00,,
156652,28/02/2016,07:00,16:00,,
156652,29/02/2016,07:00,16:00,06:58,16:01
156655,16/02/2016,07:00,16:00,07:09,16:28
156655,17/02/2016,07:00,16:00,07:13,16:41
156655,18/02/2016,07:00,16:00,07:08,16:23
156655,19/02/2016,07:00,16:00,07:06,16:40
156655,20/02/2016,07:00,16:00,,
156655,21/02/2016,07:00,16:00,,
156655,22/02/2016,07:00,16:00,07:07,16:34
156655,23/02/2016,07:00,16:00,07:08,16:41
156655,24/02/2016,07:00,16:00,07:07,16:23
156655,25/02/2016,07:00,16:00,07:09,16:44
156655,26/02/2016,07:00,16:00,07:05,16:30
156655,27/02/2016,07:00,16:00,,
156655,28/02/2016,07:00,16:00,,
156655,29/02/2016,07:00,16:00,07:09,16:37
157884,16/02/2016,07:00,15:00,06:40,14:43
157884,17/02/2016,07:00,15:00,06:45,
157884,18/02/2016,07:00,15:00,,
157884,19/02/2016,07:00,15:00,,
157884,20/02/2016,07:00,15:00,,
157884,21/02/2016,07:00,15:00,,
157884,22/02/2016,07:00,15:00,06:51,14:32
157884,23/02/2016,07:00,15:00,06:40,14:31
157884,24/02/2016,07:00,15:00,06:59,14:38
157884,25/02/2016,07:00,15:00,06:53,14:33
157884,26/02/2016,07:00,15:00,06:51,14:33
157884,27/02/2016,07:00,15:00,,
157884,28/02/2016,07:00,15:00,,
157884,29/02/2016,07:00,15:00,06:46,
159201,16/02/2016,06:00,15:00,,
159201,17/02/2016,06:00,15:00,06:11,15:01
159201,18/02/2016,06:00,15:00,,
159201,19/02/2016,06:00,15:00,,
159201,20/02/2016,06:00,15:00,,
159201,21/02/2016,06:00,15:00,,
159201,22/02/2016,06:00,15:00,,
159201,23/02/2016,06:00,15:00,,
159201,24/02/2016,06:00,15:00,,
159201,25/02/2016,06:00,15:00,,
159201,26/02/2016,06:00,15:00,,
159201,27/02/2016,06:00,15:00,,
159201,28/02/2016,06:00,15:00,,
159201,29/02/2016,06:00,15:00,,
159210,16/02/2016,07:00,19:00,,
159210,17/02/2016,07:00,19:00,,
159210,18/02/2016,07:00,19:00,,
159210,19/02/2016,07:00,19:00,,
159210,20/02/2016,07:00,19:00,07:00,19:11
159210,21/02/2016,07:00,19:00,06:56,19:11
159210,22/02/2016,07:00,19:00,,
159210,23/02/2016,07:00,19:00,,
159210,24/02/2016,07:00,19:00,,
159210,25/02/2016,07:00,19:00,,
159210,26/02/2016,07:00,19:00,,
159210,27/02/2016,07:00,19:00,06:52,19:03
159210,28/02/2016,07:00,19:00,06:59,19:03
159210,29/02/2016,07:00,19:00,,
159222,16/02/2016,07:00,19:00,,
159222,17/02/2016,07:00,19:00,,
159222,18/02/2016,07:00,19:00,,
159222,19/02/2016,07:00,19:00,,
159222,20/02/2016,07:00,19:00,,
159222,21/02/2016,07:00,19:00,06:59,19:00
159222,22/02/2016,07:00,19:00,,
159222,23/02/2016,07:00,19:00,,
159222,24/02/2016,07:00,19:00,,
159222,25/02/2016,07:00,19:00,,
159222,26/02/2016,07:00,19:00,,
159222,27/02/2016,07:00,19:00,,
159222,28/02/2016,07:00,19:00,06:53,19:00
159222,29/02/2016,07:00,19:00,,
159227,16/02/2016,07:00,16:00,,
159227,17/02/2016,07:00,16:00,,
159227,18/02/2016,07:00,16:00,,
159227,19/02/2016,07:00,16:00,,
159227,20/02/2016,07:00,16:00,,
159227,21/02/2016,07:00,16:00,,
159227,22/02/2016,07:00,16:00,06:45,16:00
159227,23/02/2016,07:00,16:00,06:30,16:00
159227,24/02/2016,07:00,16:00,06:32,16:00
159227,25/02/2016,07:00,16:00,06:23,16:04
159227,26/02/2016,07:00,16:00,06:39,14:01
159227,27/02/2016,07:00,16:00,,
159227,28/02/2016,07:00,16:00,,
159227,29/02/2016,07:00,16:00,06:35,16:01
161347,16/02/2016,06:30,15:30,05:50,15:34
161347,17/02/2016,06:30,15:30,05:56,15:34
161347,18/02/2016,06:30,15:30,05:57,15:30
161347,19/02/2016,06:30,15:30,06:01,15:31
161347,20/02/2016,06:30,15:30,,
161347,21/02/2016,06:30,15:30,,
161347,22/02/2016,06:30,15:30,06:01,15:32
161347,23/02/2016,06:30,15:30,06:04,15:37
161347,24/02/2016,06:30,15:30,06:03,15:30
161347,25/02/2016,06:30,15:30,06:06,15:33
161347,26/02/2016,06:30,15:30,05:52,15:32
161347,27/02/2016,06:30,15:30,,
161347,28/02/2016,06:30,15:30,,
161347,29/02/2016,06:30,15:30,05:56,15:31
161773,16/02/2016,08:30,17:30,08:23,17:31
161773,17/02/2016,08:30,17:30,08:19,18:05
161773,18/02/2016,08:30,17:30,07:47,18:10
161773,19/02/2016,08:30,17:30,08:18,18:35
161773,20/02/2016,08:30,17:30,,
161773,21/02/2016,08:30,17:30,,
161773,22/02/2016,08:30,17:30,,
161773,23/02/2016,08:30,17:30,08:20,18:31
161773,24/02/2016,08:30,17:30,08:20,18:54
161773,25/02/2016,08:30,17:30,08:18,19:35
161773,26/02/2016,08:30,17:30,07:12,18:45
161773,27/02/2016,08:30,17:30,,
161773,28/02/2016,08:30,17:30,,
161773,29/02/2016,08:30,17:30,08:18,18:04
163008,16/02/2016,07:00,16:00,06:52,16:04
163008,17/02/2016,07:00,16:00,07:05,16:01
163008,18/02/2016,07:00,16:00,07:01,16:02
163008,19/02/2016,07:00,16:00,07:06,16:22
163008,20/02/2016,07:00,16:00,,
163008,21/02/2016,07:00,16:00,,
163008,22/02/2016,07:00,16:00,06:54,16:04
163008,23/02/2016,07:00,16:00,07:01,16:16
163008,24/02/2016,07:00,16:00,06:52,16:02
163008,25/02/2016,07:00,16:00,07:06,16:06
163008,26/02/2016,07:00,16:00,07:01,16:04
163008,27/02/2016,07:00,16:00,,
163008,28/02/2016,07:00,16:00,,
163008,29/02/2016,07:00,16:00,07:08,14:31
164972,16/02/2016,13:00,21:00,13:15,20:01
164972,17/02/2016,13:00,21:00,13:24,20:03
164972,18/02/2016,13:00,21:00,13:19,20:04
164972,19/02/2016,13:00,21:00,13:25,20:02
164972,20/02/2016,13:00,21:00,,
164972,21/02/2016,13:00,21:00,,
164972,22/02/2016,13:00,21:00,13:09,20:05
164972,23/02/2016,13:00,21:00,13:17,20:10
164972,24/02/2016,13:00,21:00,13:26,20:05
164972,25/02/2016,13:00,21:00,13:22,20:01
164972,26/02/2016,13:00,21:00,13:17,20:03
164972,27/02/2016,13:00,21:00,,
164972,28/02/2016,13:00,21:00,,
164972,29/02/2016,13:00,21:00,13:25,20:01
166808,16/02/2016,20:00,07:00,19:59,05:04
166808,17/02/2016,20:00,07:00,,
166808,18/02/2016,20:00,07:00,19:59,07:00
166808,19/02/2016,20:00,07:00,,
166808,20/02/2016,20:00,07:00,,
166808,21/02/2016,20:00,07:00,,
166808,22/02/2016,20:00,07:00,,
166808,23/02/2016,20:00,07:00,,
166808,24/02/2016,20:00,07:00,,
166808,25/02/2016,20:00,07:00,,
166808,26/02/2016,20:00,07:00,,
166808,27/02/2016,20:00,07:00,,
166808,28/02/2016,20:00,07:00,,
166808,29/02/2016,20:00,07:00,,
167676,16/02/2016,06:30,14:30,06:19,14:03
167676,17/02/2016,06:30,14:30,06:23,14:08
167676,18/02/2016,06:30,14:30,06:21,14:05
167676,19/02/2016,06:30,14:30,06:21,14:04
167676,20/02/2016,06:30,14:30,,
167676,21/02/2016,06:30,14:30,,
167676,22/02/2016,06:30,14:30,06:16,14:12
167676,23/02/2016,06:30,14:30,06:25,14:08
167676,24/02/2016,06:30,14:30,06:14,14:04
167676,25/02/2016,06:30,14:30,06:22,14:06
167676,26/02/2016,06:30,14:30,06:12,14:08
167676,27/02/2016,06:30,14:30,,
167676,28/02/2016,06:30,14:30,,
167676,29/02/2016,06:30,14:30,06:22,14:01
170589,16/02/2016,07:00,19:00,,
170589,17/02/2016,07:00,19:00,,
170589,18/02/2016,07:00,19:00,,
170589,19/02/2016,07:00,19:00,,
170589,20/02/2016,07:00,19:00,06:51,19:10
170589,21/02/2016,07:00,19:00,06:48,19:02
170589,22/02/2016,07:00,19:00,,
170589,23/02/2016,07:00,19:00,,
170589,24/02/2016,07:00,19:00,,
170589,25/02/2016,07:00,19:00,,
170589,26/02/2016,07:00,19:00,,
170589,27/02/2016,07:00,19:00,06:44,19:00
170589,28/02/2016,07:00,19:00,06:42,19:02
170589,29/02/2016,07:00,19:00,,
170591,16/02/2016,06:00,15:00,,
170591,17/02/2016,06:00,15:00,06:00,13:14
170591,18/02/2016,06:00,15:00,05:49,13:00
170591,19/02/2016,06:00,15:00,05:56,13:00
170591,20/02/2016,06:00,15:00,05:56,16:36
170591,21/02/2016,06:00,15:00,,
170591,22/02/2016,06:00,15:00,05:52,13:01
170591,23/02/2016,06:00,15:00,05:51,12:45
170591,24/02/2016,06:00,15:00,05:53,13:00
170591,25/02/2016,06:00,15:00,05:51,13:04
170591,26/02/2016,06:00,15:00,05:46,13:00
170591,27/02/2016,06:00,15:00,06:00,16:37
170591,28/02/2016,06:00,15:00,,
170591,29/02/2016,06:00,15:00,06:00,13:00
170608,16/02/2016,13:30,20:00,12:54,20:01
170608,17/02/2016,13:30,20:00,12:52,20:00
170608,18/02/2016,13:30,20:00,12:58,20:02
170608,19/02/2016,13:30,20:00,12:37,20:00
170608,20/02/2016,13:30,20:00,,
170608,21/02/2016,13:30,20:00,,
170608,22/02/2016,13:30,20:00,13:01,20:00
170608,23/02/2016,13:30,20:00,13:02,20:01
170608,24/02/2016,13:30,20:00,13:11,20:00
170608,25/02/2016,13:30,20:00,12:42,20:04
170608,26/02/2016,13:30,20:00,,
170608,27/02/2016,13:30,20:00,,
170608,28/02/2016,13:30,20:00,,
170608,29/02/2016,13:30,20:00,13:01,20:02
170624,16/02/2016,07:00,13:30,06:38,14:17
170624,17/02/2016,07:00,13:30,06:52,13:37
170624,18/02/2016,07:00,13:30,06:39,13:30
170624,19/02/2016,07:00,13:30,06:44,13:39
170624,20/02/2016,07:00,13:30,,
170624,21/02/2016,07:00,13:30,,
170624,22/02/2016,07:00,13:30,06:45,13:30
170624,23/02/2016,07:00,13:30,06:48,14:46
170624,24/02/2016,07:00,13:30,06:43,11:31
170624,25/02/2016,07:00,13:30,06:39,13:31
170624,26/02/2016,07:00,13:30,06:48,13:27
170624,27/02/2016,07:00,13:30,,
170624,28/02/2016,07:00,13:30,,
170624,29/02/2016,07:00,13:30,06:41,13:34
172583,16/02/2016,06:00,12:30,05:54,12:32
172583,17/02/2016,06:00,12:30,05:59,12:31
172583,18/02/2016,06:00,12:30,05:56,12:32
172583,19/02/2016,06:00,12:30,05:56,12:32
172583,20/02/2016,06:00,12:30,,
172583,21/02/2016,06:00,12:30,,
172583,22/02/2016,06:00,12:30,05:58,12:30
172583,23/02/2016,06:00,12:30,05:49,12:32
172583,24/02/2016,06:00,12:30,05:53,12:31
172583,25/02/2016,06:00,12:30,05:50,12:31
172583,26/02/2016,06:00,12:30,05:55,12:30
172583,27/02/2016,06:00,12:30,,
172583,28/02/2016,06:00,12:30,,
172583,29/02/2016,06:00,12:30,05:46,12:31
172587,16/02/2016,07:00,19:00,,
172587,17/02/2016,07:00,19:00,,
172587,18/02/2016,07:00,19:00,,
172587,19/02/2016,07:00,19:00,,
172587,20/02/2016,07:00,19:00,06:44,19:05
172587,21/02/2016,07:00,19:00,06:44,19:02
172587,22/02/2016,07:00,19:00,,
172587,23/02/2016,07:00,19:00,,
172587,24/02/2016,07:00,19:00,,
172587,25/02/2016,07:00,19:00,,
172587,26/02/2016,07:00,19:00,,
172587,27/02/2016,07:00,19:00,06:39,19:01
172587,28/02/2016,07:00,19:00,06:39,19:05
172587,29/02/2016,07:00,19:00,,
172589,16/02/2016,07:00,13:30,06:53,13:30
172589,17/02/2016,07:00,13:30,06:47,13:30
172589,18/02/2016,07:00,13:30,,
172589,19/02/2016,07:00,13:30,07:04,11:31
172589,20/02/2016,07:00,13:30,,
172589,21/02/2016,07:00,13:30,,
172589,22/02/2016,07:00,13:30,07:00,13:30
172589,23/02/2016,07:00,13:30,06:57,13:30
172589,24/02/2016,07:00,13:30,06:55,13:30
172589,25/02/2016,07:00,13:30,,13:30
172589,26/02/2016,07:00,13:30,06:57,13:30
172589,27/02/2016,07:00,13:30,,
172589,28/02/2016,07:00,13:30,,
172589,29/02/2016,07:00,13:30,06:55,13:30
173555,16/02/2016,07:00,15:00,06:56,14:57
173555,17/02/2016,07:00,15:00,,
173555,18/02/2016,07:00,15:00,,
173555,19/02/2016,07:00,15:00,,
173555,20/02/2016,07:00,15:00,,
173555,21/02/2016,07:00,15:00,,
173555,22/02/2016,07:00,15:00,,
173555,23/02/2016,07:00,15:00,07:02,14:48
173555,24/02/2016,07:00,15:00,07:00,15:53
173555,25/02/2016,07:00,15:00,07:00,15:38
173555,26/02/2016,07:00,15:00,06:55,15:15
173555,27/02/2016,07:00,15:00,,
173555,28/02/2016,07:00,15:00,,
173555,29/02/2016,07:00,15:00,06:57,14:32
174567,16/02/2016,07:00,16:00,,
174567,17/02/2016,07:00,16:00,,
174567,18/02/2016,07:00,16:00,,
174567,19/02/2016,07:00,16:00,,
174567,20/02/2016,07:00,16:00,,
174567,21/02/2016,07:00,16:00,,
174567,22/02/2016,07:00,16:00,06:59,16:05
174567,23/02/2016,07:00,16:00,06:44,16:07
174567,24/02/2016,07:00,16:00,06:54,16:25
174567,25/02/2016,07:00,16:00,06:11,16:00
174567,26/02/2016,07:00,16:00,06:38,14:02
174567,27/02/2016,07:00,16:00,,
174567,28/02/2016,07:00,16:00,,
174567,29/02/2016,07:00,16:00,06:49,16:00
174608,16/02/2016,07:00,15:00,07:01,14:30
174608,17/02/2016,07:00,15:00,06:59,14:32
174608,18/02/2016,07:00,15:00,07:00,14:31
174608,19/02/2016,07:00,15:00,06:59,14:31
174608,20/02/2016,07:00,15:00,,
174608,21/02/2016,07:00,15:00,,
174608,22/02/2016,07:00,15:00,06:57,14:32
174608,23/02/2016,07:00,15:00,06:57,14:31
174608,24/02/2016,07:00,15:00,06:57,14:33
174608,25/02/2016,07:00,15:00,06:59,14:31
174608,26/02/2016,07:00,15:00,06:58,15:03
174608,27/02/2016,07:00,15:00,,
174608,28/02/2016,07:00,15:00,,
174608,29/02/2016,07:00,15:00,06:57,14:30
174609,16/02/2016,07:00,15:00,06:48,14:43
174609,17/02/2016,07:00,15:00,06:52,14:37
174609,18/02/2016,07:00,15:00,06:52,14:55
174609,19/02/2016,07:00,15:00,06:43,14:50
174609,20/02/2016,07:00,15:00,,
174609,21/02/2016,07:00,15:00,,
174609,22/02/2016,07:00,15:00,06:51,14:41
174609,23/02/2016,07:00,15:00,06:43,14:45
174609,24/02/2016,07:00,15:00,06:41,15:33
174609,25/02/2016,07:00,15:00,06:51,15:09
174609,26/02/2016,07:00,15:00,06:42,15:02
174609,27/02/2016,07:00,15:00,,
174609,28/02/2016,07:00,15:00,,
174609,29/02/2016,07:00,15:00,06:54,14:37
176644,16/02/2016,07:00,16:00,06:52,16:00
176644,17/02/2016,07:00,16:00,06:54,16:01
176644,18/02/2016,07:00,16:00,06:52,16:00
176644,19/02/2016,07:00,16:00,06:52,16:00
176644,20/02/2016,07:00,16:00,,
176644,21/02/2016,07:00,16:00,,
176644,22/02/2016,07:00,16:00,06:50,16:00
176644,23/02/2016,07:00,16:00,06:52,16:00
176644,24/02/2016,07:00,16:00,06:53,16:00
176644,25/02/2016,07:00,16:00,06:55,16:00
176644,26/02/2016,07:00,16:00,06:54,16:00
176644,27/02/2016,07:00,16:00,,
176644,28/02/2016,07:00,16:00,,
176644,29/02/2016,07:00,16:00,06:49,16:00
180745,16/02/2016,07:00,16:00,,
180745,17/02/2016,07:00,16:00,,
180745,18/02/2016,07:00,16:00,,
180745,19/02/2016,07:00,16:00,,
180745,20/02/2016,07:00,16:00,,
180745,21/02/2016,07:00,16:00,,
180745,22/02/2016,07:00,16:00,,
180745,23/02/2016,07:00,16:00,,
180745,24/02/2016,07:00,16:00,,
180745,25/02/2016,07:00,16:00,,
180745,26/02/2016,07:00,16:00,,
180745,27/02/2016,07:00,16:00,,
180745,28/02/2016,07:00,16:00,,
180745,29/02/2016,07:00,16:00,,
181819,16/02/2016,07:00,16:00,,
181819,17/02/2016,07:00,16:00,,
181819,18/02/2016,07:00,16:00,,
181819,19/02/2016,07:00,16:00,,
181819,20/02/2016,07:00,16:00,,
181819,21/02/2016,07:00,16:00,,
181819,22/02/2016,07:00,16:00,06:56,16:04
181819,23/02/2016,07:00,16:00,06:54,16:07
181819,24/02/2016,07:00,16:00,06:48,16:01
181819,25/02/2016,07:00,16:00,06:54,16:03
181819,26/02/2016,07:00,16:00,06:52,16:04
181819,27/02/2016,07:00,16:00,,
181819,28/02/2016,07:00,16:00,,
181819,29/02/2016,07:00,16:00,06:56,14:05
181821,16/02/2016,07:00,16:00,06:38,16:00
181821,17/02/2016,07:00,16:00,06:50,16:01
181821,18/02/2016,07:00,16:00,06:39,16:02
181821,19/02/2016,07:00,16:00,,
181821,20/02/2016,07:00,16:00,,
181821,21/02/2016,07:00,16:00,,
181821,22/02/2016,07:00,16:00,06:53,16:07
181821,23/02/2016,07:00,16:00,06:37,16:03
181821,24/02/2016,07:00,16:00,06:46,16:33
181821,25/02/2016,07:00,16:00,06:48,16:26
181821,26/02/2016,07:00,16:00,06:58,16:08
181821,27/02/2016,07:00,16:00,,
181821,28/02/2016,07:00,16:00,,
181821,29/02/2016,07:00,16:00,06:55,16:08
181824,16/02/2016,08:00,17:00,07:52,17:10
181824,17/02/2016,08:00,17:00,07:59,17:24
181824,18/02/2016,08:00,17:00,07:53,17:18
181824,19/02/2016,08:00,17:00,07:58,17:23
181824,20/02/2016,08:00,17:00,,
181824,21/02/2016,08:00,17:00,,
181824,22/02/2016,08:00,17:00,07:59,17:06
181824,23/02/2016,08:00,17:00,07:56,17:17
181824,24/02/2016,08:00,17:00,07:55,17:04
181824,25/02/2016,08:00,17:00,07:52,17:25
181824,26/02/2016,08:00,17:00,07:55,17:39
181824,27/02/2016,08:00,17:00,,
181824,28/02/2016,08:00,17:00,,
181824,29/02/2016,08:00,17:00,07:57,17:07
181842,16/02/2016,07:00,19:00,,
181842,17/02/2016,07:00,19:00,,
181842,18/02/2016,07:00,19:00,,
181842,19/02/2016,07:00,19:00,,
181842,20/02/2016,07:00,19:00,06:50,19:01
181842,21/02/2016,07:00,19:00,06:49,19:03
181842,22/02/2016,07:00,19:00,,
181842,23/02/2016,07:00,19:00,,
181842,24/02/2016,07:00,19:00,,
181842,25/02/2016,07:00,19:00,,
181842,26/02/2016,07:00,19:00,,
181842,27/02/2016,07:00,19:00,06:47,19:00
181842,28/02/2016,07:00,19:00,06:46,17:08
181842,29/02/2016,07:00,19:00,,
181845,16/02/2016,07:00,19:00,,
181845,17/02/2016,07:00,19:00,,
181845,18/02/2016,07:00,19:00,,
181845,19/02/2016,07:00,19:00,,
181845,20/02/2016,07:00,19:00,06:31,
181845,21/02/2016,07:00,19:00,06:44,19:02
181845,22/02/2016,07:00,19:00,,
181845,23/02/2016,07:00,19:00,,
181845,24/02/2016,07:00,19:00,,
181845,25/02/2016,07:00,19:00,,
181845,26/02/2016,07:00,19:00,,
181845,27/02/2016,07:00,19:00,06:44,17:18
181845,28/02/2016,07:00,19:00,06:46,19:01
181845,29/02/2016,07:00,19:00,,
181846,16/02/2016,06:30,13:00,06:34,13:13
181846,17/02/2016,06:30,13:00,06:36,13:02
181846,18/02/2016,06:30,13:00,06:27,13:03
181846,19/02/2016,06:30,13:00,06:37,13:03
181846,20/02/2016,06:30,13:00,,
181846,21/02/2016,06:30,13:00,,
181846,22/02/2016,06:30,13:00,06:32,13:05
181846,23/02/2016,06:30,13:00,06:26,13:01
181846,24/02/2016,06:30,13:00,06:21,13:04
181846,25/02/2016,06:30,13:00,,
181846,26/02/2016,06:30,13:00,06:30,11:12
181846,27/02/2016,06:30,13:00,,
181846,28/02/2016,06:30,13:00,,
181846,29/02/2016,06:30,13:00,06:23,13:01
182289,16/02/2016,08:00,16:00,08:01,16:03
182289,17/02/2016,08:00,16:00,07:59,16:20
182289,18/02/2016,08:00,16:00,07:58,16:01
182289,19/02/2016,08:00,16:00,,
182289,20/02/2016,08:00,16:00,,
182289,21/02/2016,08:00,16:00,,
182289,22/02/2016,08:00,16:00,,
182289,23/02/2016,08:00,16:00,,
182289,24/02/2016,08:00,16:00,,
182289,25/02/2016,08:00,16:00,,
182289,26/02/2016,08:00,16:00,,
182289,27/02/2016,08:00,16:00,,
182289,28/02/2016,08:00,16:00,,
182289,29/02/2016,08:00,16:00,,
183512,16/02/2016,07:00,16:00,,
183512,17/02/2016,07:00,16:00,,
183512,18/02/2016,07:00,16:00,,
183512,19/02/2016,07:00,16:00,,
183512,20/02/2016,07:00,16:00,,
183512,21/02/2016,07:00,16:00,,
183512,22/02/2016,07:00,16:00,,
183512,23/02/2016,07:00,16:00,,
183512,24/02/2016,07:00,16:00,,
183512,25/02/2016,07:00,16:00,,
183512,26/02/2016,07:00,16:00,,
183512,27/02/2016,07:00,16:00,,
183512,28/02/2016,07:00,16:00,,
183512,29/02/2016,07:00,16:00,,
185672,16/02/2016,07:00,16:00,07:03,16:00
185672,17/02/2016,07:00,16:00,06:50,16:00
185672,18/02/2016,07:00,16:00,06:59,16:00
185672,19/02/2016,07:00,16:00,06:48,14:00
185672,20/02/2016,07:00,16:00,,
185672,21/02/2016,07:00,16:00,,
185672,22/02/2016,07:00,16:00,06:47,16:00
185672,23/02/2016,07:00,16:00,06:54,16:00
185672,24/02/2016,07:00,16:00,06:58,16:01
185672,25/02/2016,07:00,16:00,06:58,16:00
185672,26/02/2016,07:00,16:00,06:54,16:00
185672,27/02/2016,07:00,16:00,,
185672,28/02/2016,07:00,16:00,,
185672,29/02/2016,07:00,16:00,06:58,16:00
187156,16/02/2016,07:00,13:30,06:38,13:30
187156,17/02/2016,07:00,13:30,06:46,13:35
187156,18/02/2016,07:00,13:30,06:42,11:33
187156,19/02/2016,07:00,13:30,06:47,13:30
187156,20/02/2016,07:00,13:30,,
187156,21/02/2016,07:00,13:30,,
187156,22/02/2016,07:00,13:30,,
187156,23/02/2016,07:00,13:30,,
187156,24/02/2016,07:00,13:30,,
187156,25/02/2016,07:00,13:30,,
187156,26/02/2016,07:00,13:30,,
187156,27/02/2016,07:00,13:30,,
187156,28/02/2016,07:00,13:30,,
187156,29/02/2016,07:00,13:30,,
188255,16/02/2016,08:00,14:30,08:01,14:33
188255,17/02/2016,08:00,14:30,08:05,14:30
188255,18/02/2016,08:00,14:30,08:05,14:30
188255,19/02/2016,08:00,14:30,08:06,14:41
188255,20/02/2016,08:00,14:30,,
188255,21/02/2016,08:00,14:30,,
188255,22/02/2016,08:00,14:30,,
188255,23/02/2016,08:00,14:30,08:02,14:36
188255,24/02/2016,08:00,14:30,07:48,14:40
188255,25/02/2016,08:00,14:30,08:07,14:34
188255,26/02/2016,08:00,14:30,08:05,14:38
188255,27/02/2016,08:00,14:30,,
188255,28/02/2016,08:00,14:30,,
188255,29/02/2016,08:00,14:30,08:05,12:46
189697,16/02/2016,07:00,16:00,06:36,17:04
189697,17/02/2016,07:00,16:00,06:37,16:00
189697,18/02/2016,07:00,16:00,06:45,16:22
189697,19/02/2016,07:00,16:00,06:59,16:12
189697,20/02/2016,07:00,16:00,,
189697,21/02/2016,07:00,16:00,,
189697,22/02/2016,07:00,16:00,06:54,17:02
189697,23/02/2016,07:00,16:00,06:58,16:00
189697,24/02/2016,07:00,16:00,06:51,16:18
189697,25/02/2016,07:00,16:00,06:58,16:26
189697,26/02/2016,07:00,16:00,06:42,16:09
189697,27/02/2016,07:00,16:00,,
189697,28/02/2016,07:00,16:00,,
189697,29/02/2016,07:00,16:00,06:45,16:30
193572,16/02/2016,20:00,07:00,19:51,07:00
193572,17/02/2016,20:00,07:00,,
193572,18/02/2016,20:00,07:00,19:50,07:00
193572,19/02/2016,20:00,07:00,19:36,07:17
193572,20/02/2016,20:00,07:00,,
193572,21/02/2016,20:00,07:00,,
193572,22/02/2016,20:00,07:00,19:53,07:00
193572,23/02/2016,20:00,07:00,,
193572,24/02/2016,20:00,07:00,19:56,07:02
193572,25/02/2016,20:00,07:00,,
193572,26/02/2016,20:00,07:00,,
193572,27/02/2016,20:00,07:00,,
193572,28/02/2016,20:00,07:00,,
193572,29/02/2016,20:00,07:00,,
193575,16/02/2016,07:00,16:00,07:04,16:04
193575,17/02/2016,07:00,16:00,06:58,16:00
193575,18/02/2016,07:00,16:00,07:05,16:06
193575,19/02/2016,07:00,16:00,06:56,16:04
193575,20/02/2016,07:00,16:00,,
193575,21/02/2016,07:00,16:00,,
193575,22/02/2016,07:00,16:00,07:00,16:00
193575,23/02/2016,07:00,16:00,07:02,16:03
193575,24/02/2016,07:00,16:00,07:10,16:05
193575,25/02/2016,07:00,16:00,06:56,16:07
193575,26/02/2016,07:00,16:00,06:53,16:05
193575,27/02/2016,07:00,16:00,,
193575,28/02/2016,07:00,16:00,,
193575,29/02/2016,07:00,16:00,07:05,16:02
197646,16/02/2016,07:00,16:30,07:18,16:40
197646,17/02/2016,07:00,16:30,07:27,16:36
197646,18/02/2016,07:00,16:30,07:27,16:37
197646,19/02/2016,07:00,16:30,07:24,16:35
197646,20/02/2016,07:00,16:30,,
197646,21/02/2016,07:00,16:30,,
197646,22/02/2016,07:00,16:30,07:23,16:31
197646,23/02/2016,07:00,16:30,07:26,16:32
197646,24/02/2016,07:00,16:30,07:22,16:31
197646,25/02/2016,07:00,16:30,07:30,16:31
197646,26/02/2016,07:00,16:30,07:23,16:32
197646,27/02/2016,07:00,16:30,,
197646,28/02/2016,07:00,16:30,,
197646,29/02/2016,07:00,16:30,07:18,16:35
198600,16/02/2016,06:30,14:30,,
198600,17/02/2016,06:30,14:30,06:20,14:04
198600,18/02/2016,06:30,14:30,06:00,12:00
198600,19/02/2016,06:30,14:30,,
198600,20/02/2016,06:30,14:30,,
198600,21/02/2016,06:30,14:30,,
198600,22/02/2016,06:30,14:30,06:13,14:03
198600,23/02/2016,06:30,14:30,06:08,14:00
198600,24/02/2016,06:30,14:30,06:07,14:01
198600,25/02/2016,06:30,14:30,06:20,14:00
198600,26/02/2016,06:30,14:30,06:02,14:00
198600,27/02/2016,06:30,14:30,,
198600,28/02/2016,06:30,14:30,,
198600,29/02/2016,06:30,14:30,06:17,14:05
199024,16/02/2016,07:00,16:00,06:46,16:02
199024,17/02/2016,07:00,16:00,06:58,16:01
199024,18/02/2016,07:00,16:00,07:07,16:08
199024,19/02/2016,07:00,16:00,06:49,16:00
199024,20/02/2016,07:00,16:00,,
199024,21/02/2016,07:00,16:00,,
199024,22/02/2016,07:00,16:00,06:56,16:00
199024,23/02/2016,07:00,16:00,06:52,16:00
199024,24/02/2016,07:00,16:00,07:06,16:05
199024,25/02/2016,07:00,16:00,07:04,16:00
199024,26/02/2016,07:00,16:00,06:55,14:01
199024,27/02/2016,07:00,16:00,,
199024,28/02/2016,07:00,16:00,,
199024,29/02/2016,07:00,16:00,07:03,16:00
200222,16/02/2016,08:00,17:00,,
200222,17/02/2016,08:00,17:00,,
200222,18/02/2016,08:00,17:00,,
200222,19/02/2016,08:00,17:00,,
200222,20/02/2016,08:00,17:00,,
200222,21/02/2016,08:00,17:00,,
200222,22/02/2016,08:00,17:00,,
200222,23/02/2016,08:00,17:00,,
200222,24/02/2016,08:00,17:00,,
200222,25/02/2016,08:00,17:00,,
200222,26/02/2016,08:00,17:00,,
200222,27/02/2016,08:00,17:00,,
200222,28/02/2016,08:00,17:00,,
200222,29/02/2016,08:00,17:00,,
203439,16/02/2016,07:00,16:00,06:49,16:03
203439,17/02/2016,07:00,16:00,06:51,16:08
203439,18/02/2016,07:00,16:00,06:48,16:09
203439,19/02/2016,07:00,16:00,06:50,16:09
203439,20/02/2016,07:00,16:00,,
203439,21/02/2016,07:00,16:00,,
203439,22/02/2016,07:00,16:00,06:50,16:05
203439,23/02/2016,07:00,16:00,06:50,16:08
203439,24/02/2016,07:00,16:00,06:49,16:02
203439,25/02/2016,07:00,16:00,06:48,16:02
203439,26/02/2016,07:00,16:00,06:41,16:04
203439,27/02/2016,07:00,16:00,,
203439,28/02/2016,07:00,16:00,,
203439,29/02/2016,07:00,16:00,06:47,16:12
203885,16/02/2016,06:30,14:30,06:33,14:10
203885,17/02/2016,06:30,14:30,06:34,14:17
203885,18/02/2016,06:30,14:30,06:33,14:08
203885,19/02/2016,06:30,14:30,06:33,14:05
203885,20/02/2016,06:30,14:30,,
203885,21/02/2016,06:30,14:30,,
203885,22/02/2016,06:30,14:30,06:32,14:04
203885,23/02/2016,06:30,14:30,06:28,14:00
203885,24/02/2016,06:30,14:30,06:33,14:01
203885,25/02/2016,06:30,14:30,06:34,14:07
203885,26/02/2016,06:30,14:30,06:36,12:19
203885,27/02/2016,06:30,14:30,,
203885,28/02/2016,06:30,14:30,,
203885,29/02/2016,06:30,14:30,06:33,14:17
203886,16/02/2016,20:00,07:00,19:54,07:00
203886,17/02/2016,20:00,07:00,,
203886,18/02/2016,20:00,07:00,19:51,06:00
203886,19/02/2016,20:00,07:00,,
203886,20/02/2016,20:00,07:00,,
203886,21/02/2016,20:00,07:00,,
203886,22/02/2016,20:00,07:00,19:51,07:01
203886,23/02/2016,20:00,07:00,,
203886,24/02/2016,20:00,07:00,19:54,07:01
203886,25/02/2016,20:00,07:00,,
203886,26/02/2016,20:00,07:00,19:54,07:00
203886,27/02/2016,20:00,07:00,,
203886,28/02/2016,20:00,07:00,,
203886,29/02/2016,20:00,07:00,,
203887,16/02/2016,07:00,16:00,06:40,16:00
203887,17/02/2016,07:00,16:00,06:30,16:02
203887,18/02/2016,07:00,16:00,06:31,16:03
203887,19/02/2016,07:00,16:00,06:35,14:03
203887,20/02/2016,07:00,16:00,,
203887,21/02/2016,07:00,16:00,,
203887,22/02/2016,07:00,16:00,06:34,16:00
203887,23/02/2016,07:00,16:00,06:38,16:01
203887,24/02/2016,07:00,16:00,06:38,16:01
203887,25/02/2016,07:00,16:00,06:40,16:06
203887,26/02/2016,07:00,16:00,06:34,16:01
203887,27/02/2016,07:00,16:00,,
203887,28/02/2016,07:00,16:00,,
203887,29/02/2016,07:00,16:00,06:30,16:00
203890,16/02/2016,07:00,15:00,07:06,14:30
203890,17/02/2016,07:00,15:00,06:59,14:31
203890,18/02/2016,07:00,15:00,06:57,14:30
203890,19/02/2016,07:00,15:00,07:00,12:30
203890,20/02/2016,07:00,15:00,,
203890,21/02/2016,07:00,15:00,,
203890,22/02/2016,07:00,15:00,07:03,14:31
203890,23/02/2016,07:00,15:00,07:01,14:59
203890,24/02/2016,07:00,15:00,06:58,14:35
203890,25/02/2016,07:00,15:00,06:55,14:58
203890,26/02/2016,07:00,15:00,06:56,14:37
203890,27/02/2016,07:00,15:00,,
203890,28/02/2016,07:00,15:00,,
203890,29/02/2016,07:00,15:00,06:58,14:33
203891,16/02/2016,13:30,20:00,13:21,20:02
203891,17/02/2016,13:30,20:00,13:22,20:00
203891,18/02/2016,13:30,20:00,13:15,20:00
203891,19/02/2016,13:30,20:00,13:25,18:20
203891,20/02/2016,13:30,20:00,,
203891,21/02/2016,13:30,20:00,,
203891,22/02/2016,13:30,20:00,13:21,20:00
203891,23/02/2016,13:30,20:00,13:19,20:00
203891,24/02/2016,13:30,20:00,13:22,20:00
203891,25/02/2016,13:30,20:00,13:21,20:00
203891,26/02/2016,13:30,20:00,,
203891,27/02/2016,13:30,20:00,,
203891,28/02/2016,13:30,20:00,,
203891,29/02/2016,13:30,20:00,13:05,20:00
203892,16/02/2016,20:00,07:00,,
203892,17/02/2016,20:00,07:00,19:45,07:03
203892,18/02/2016,20:00,07:00,,
203892,19/02/2016,20:00,07:00,20:09,07:00
203892,20/02/2016,20:00,07:00,,
203892,21/02/2016,20:00,07:00,,
203892,22/02/2016,20:00,07:00,,
203892,23/02/2016,20:00,07:00,20:08,07:15
203892,24/02/2016,20:00,07:00,,
203892,25/02/2016,20:00,07:00,20:07,05:03
203892,26/02/2016,20:00,07:00,19:37,07:07
203892,27/02/2016,20:00,07:00,,
203892,28/02/2016,20:00,07:00,,
203892,29/02/2016,20:00,07:00,20:07,07:06
204337,16/02/2016,07:00,16:00,07:02,16:03
204337,17/02/2016,07:00,16:00,06:50,16:02
204337,18/02/2016,07:00,16:00,07:01,16:18
204337,19/02/2016,07:00,16:00,07:04,16:01
204337,20/02/2016,07:00,16:00,,
204337,21/02/2016,07:00,16:00,,
204337,22/02/2016,07:00,16:00,07:06,16:06
204337,23/02/2016,07:00,16:00,06:49,16:01
204337,24/02/2016,07:00,16:00,06:43,16:01
204337,25/02/2016,07:00,16:00,07:02,16:13
204337,26/02/2016,07:00,16:00,06:50,16:01
204337,27/02/2016,07:00,16:00,,
204337,28/02/2016,07:00,16:00,,
204337,29/02/2016,07:00,16:00,06:52,16:00
205478,16/02/2016,07:00,19:00,,
205478,17/02/2016,07:00,19:00,,
205478,18/02/2016,07:00,19:00,,
205478,19/02/2016,07:00,19:00,,
205478,20/02/2016,07:00,19:00,06:11,19:10
205478,21/02/2016,07:00,19:00,06:15,19:02
205478,22/02/2016,07:00,19:00,,
205478,23/02/2016,07:00,19:00,,
205478,24/02/2016,07:00,19:00,,
205478,25/02/2016,07:00,19:00,,
205478,26/02/2016,07:00,19:00,,
205478,27/02/2016,07:00,19:00,,
205478,28/02/2016,07:00,19:00,,
205478,29/02/2016,07:00,19:00,,
205779,16/02/2016,11:00,20:00,10:55,20:00
205779,17/02/2016,11:00,20:00,10:58,20:00
205779,18/02/2016,11:00,20:00,10:38,20:00
205779,19/02/2016,11:00,20:00,11:07,20:00
205779,20/02/2016,11:00,20:00,,
205779,21/02/2016,11:00,20:00,,
205779,22/02/2016,11:00,20:00,10:55,20:00
205779,23/02/2016,11:00,20:00,11:06,20:00
205779,24/02/2016,11:00,20:00,11:07,20:00
205779,25/02/2016,11:00,20:00,10:54,20:00
205779,26/02/2016,11:00,20:00,11:12,20:00
205779,27/02/2016,11:00,20:00,,
205779,28/02/2016,11:00,20:00,,
205779,29/02/2016,11:00,20:00,10:49,20:00
209756,16/02/2016,13:30,20:00,13:00,20:01
209756,17/02/2016,13:30,20:00,13:02,20:00
209756,18/02/2016,13:30,20:00,13:01,20:00
209756,19/02/2016,13:30,20:00,13:03,20:00
209756,20/02/2016,13:30,20:00,,
209756,21/02/2016,13:30,20:00,,
209756,22/02/2016,13:30,20:00,13:21,20:01
209756,23/02/2016,13:30,20:00,13:17,20:00
209756,24/02/2016,13:30,20:00,13:00,20:00
209756,25/02/2016,13:30,20:00,13:02,20:00
209756,26/02/2016,13:30,20:00,13:00,18:02
209756,27/02/2016,13:30,20:00,,
209756,28/02/2016,13:30,20:00,,
209756,29/02/2016,13:30,20:00,,
213306,16/02/2016,07:00,16:00,06:46,
213306,17/02/2016,07:00,16:00,,
213306,18/02/2016,07:00,16:00,06:50,16:00
213306,19/02/2016,07:00,16:00,06:50,16:00
213306,20/02/2016,07:00,16:00,,
213306,21/02/2016,07:00,16:00,,
213306,22/02/2016,07:00,16:00,06:49,16:00
213306,23/02/2016,07:00,16:00,06:51,16:00
213306,24/02/2016,07:00,16:00,06:49,16:00
213306,25/02/2016,07:00,16:00,06:49,16:00
213306,26/02/2016,07:00,16:00,06:48,16:05
213306,27/02/2016,07:00,16:00,,
213306,28/02/2016,07:00,16:00,,
213306,29/02/2016,07:00,16:00,06:36,14:00
214244,16/02/2016,07:00,16:00,06:57,16:01
214244,17/02/2016,07:00,16:00,06:42,16:01
214244,18/02/2016,07:00,16:00,06:51,16:02
214244,19/02/2016,07:00,16:00,06:53,14:14
214244,20/02/2016,07:00,16:00,,
214244,21/02/2016,07:00,16:00,,
214244,22/02/2016,07:00,16:00,,
214244,23/02/2016,07:00,16:00,07:00,16:08
214244,24/02/2016,07:00,16:00,06:46,16:02
214244,25/02/2016,07:00,16:00,06:48,16:05
214244,26/02/2016,07:00,16:00,06:44,16:00
214244,27/02/2016,07:00,16:00,,
214244,28/02/2016,07:00,16:00,,
214244,29/02/2016,07:00,16:00,,
214389,16/02/2016,07:00,15:00,,
214389,17/02/2016,07:00,15:00,06:53,15:01
214389,18/02/2016,07:00,15:00,06:45,15:00
214389,19/02/2016,07:00,15:00,06:57,15:08
214389,20/02/2016,07:00,15:00,,
214389,21/02/2016,07:00,15:00,,
214389,22/02/2016,07:00,15:00,06:53,13:58
214389,23/02/2016,07:00,15:00,06:47,15:01
214389,24/02/2016,07:00,15:00,06:50,15:01
214389,25/02/2016,07:00,15:00,06:54,15:00
214389,26/02/2016,07:00,15:00,06:58,15:04
214389,27/02/2016,07:00,15:00,09:07,
214389,28/02/2016,07:00,15:00,,
214389,29/02/2016,07:00,15:00,06:49,15:04
216659,16/02/2016,06:30,14:30,,
216659,17/02/2016,06:30,14:30,,
216659,18/02/2016,06:30,14:30,,
216659,19/02/2016,06:30,14:30,,
216659,20/02/2016,06:30,14:30,,
216659,21/02/2016,06:30,14:30,,
216659,22/02/2016,06:30,14:30,,
216659,23/02/2016,06:30,14:30,,
216659,24/02/2016,06:30,14:30,,
216659,25/02/2016,06:30,14:30,,
216659,26/02/2016,06:30,14:30,,
216659,27/02/2016,06:30,14:30,,
216659,28/02/2016,06:30,14:30,,
216659,29/02/2016,06:30,14:30,06:17,14:05
219188,16/02/2016,19:00,07:00,,
219188,17/02/2016,19:00,07:00,,
219188,18/02/2016,19:00,07:00,,
219188,19/02/2016,19:00,07:00,,
219188,20/02/2016,19:00,07:00,19:02,07:05
219188,21/02/2016,19:00,07:00,19:04,07:00
219188,22/02/2016,19:00,07:00,,
219188,23/02/2016,19:00,07:00,,
219188,24/02/2016,19:00,07:00,,
219188,25/02/2016,19:00,07:00,,
219188,26/02/2016,19:00,07:00,,
219188,27/02/2016,19:00,07:00,19:01,07:07
219188,28/02/2016,19:00,07:00,19:07,07:01
219188,29/02/2016,19:00,07:00,,
220291,16/02/2016,06:00,15:00,05:45,15:00
220291,17/02/2016,06:00,15:00,05:46,15:10
220291,18/02/2016,06:00,15:00,05:37,15:01
220291,19/02/2016,06:00,15:00,05:55,15:02
220291,20/02/2016,06:00,15:00,,
220291,21/02/2016,06:00,15:00,,
220291,22/02/2016,06:00,15:00,05:38,15:02
220291,23/02/2016,06:00,15:00,05:45,15:01
220291,24/02/2016,06:00,15:00,05:32,15:00
220291,25/02/2016,06:00,15:00,05:47,
220291,26/02/2016,06:00,15:00,,
220291,27/02/2016,06:00,15:00,,
220291,28/02/2016,06:00,15:00,,
220291,29/02/2016,06:00,15:00,05:38,13:01
220781,16/02/2016,06:00,12:30,05:54,12:37
220781,17/02/2016,06:00,12:30,,
220781,18/02/2016,06:00,12:30,05:56,12:32
220781,19/02/2016,06:00,12:30,05:56,12:35
220781,20/02/2016,06:00,12:30,,
220781,21/02/2016,06:00,12:30,,
220781,22/02/2016,06:00,12:30,05:57,12:30
220781,23/02/2016,06:00,12:30,05:49,
220781,24/02/2016,06:00,12:30,05:53,12:31
220781,25/02/2016,06:00,12:30,05:49,12:31
220781,26/02/2016,06:00,12:30,05:55,12:30
220781,27/02/2016,06:00,12:30,,
220781,28/02/2016,06:00,12:30,,
220781,29/02/2016,06:00,12:30,05:46,12:35
220796,16/02/2016,07:30,14:00,07:10,14:16
220796,17/02/2016,07:30,14:00,07:10,14:03
220796,18/02/2016,07:30,14:00,07:18,14:35
220796,19/02/2016,07:30,14:00,07:11,14:02
220796,20/02/2016,07:30,14:00,,
220796,21/02/2016,07:30,14:00,,
220796,22/02/2016,07:30,14:00,07:12,15:31
220796,23/02/2016,07:30,14:00,06:59,14:06
220796,24/02/2016,07:30,14:00,07:19,14:05
220796,25/02/2016,07:30,14:00,07:11,14:31
220796,26/02/2016,07:30,14:00,07:13,13:10
220796,27/02/2016,07:30,14:00,,
220796,28/02/2016,07:30,14:00,,
220796,29/02/2016,07:30,14:00,07:04,14:00
221373,16/02/2016,18:00,06:00,,
221373,17/02/2016,18:00,06:00,,
221373,18/02/2016,18:00,06:00,,
221373,19/02/2016,18:00,06:00,,
221373,20/02/2016,18:00,06:00,17:47,06:00
221373,21/02/2016,18:00,06:00,17:53,04:12
221373,22/02/2016,18:00,06:00,,
221373,23/02/2016,18:00,06:00,,
221373,24/02/2016,18:00,06:00,,
221373,25/02/2016,18:00,06:00,,
221373,26/02/2016,18:00,06:00,,
221373,27/02/2016,18:00,06:00,,
221373,28/02/2016,18:00,06:00,17:44,06:02
221373,29/02/2016,18:00,06:00,,
229939,16/02/2016,07:30,15:30,07:29,16:41
229939,17/02/2016,07:30,15:30,07:32,16:21
229939,18/02/2016,07:30,15:30,07:33,16:30
229939,19/02/2016,07:30,15:30,07:33,15:44
229939,20/02/2016,07:30,15:30,,
229939,21/02/2016,07:30,15:30,,
229939,22/02/2016,07:30,15:30,07:29,15:37
229939,23/02/2016,07:30,15:30,07:33,15:45
229939,24/02/2016,07:30,15:30,07:29,16:52
229939,25/02/2016,07:30,15:30,07:35,16:37
229939,26/02/2016,07:30,15:30,07:37,14:10
229939,27/02/2016,07:30,15:30,,
229939,28/02/2016,07:30,15:30,,
229939,29/02/2016,07:30,15:30,07:35,16:03
230202,16/02/2016,20:00,07:00,19:55,07:07
230202,17/02/2016,20:00,07:00,,
230202,18/02/2016,20:00,07:00,19:50,07:00
230202,19/02/2016,20:00,07:00,,
230202,20/02/2016,20:00,07:00,,
230202,21/02/2016,20:00,07:00,,
230202,22/02/2016,20:00,07:00,19:53,07:00
230202,23/02/2016,20:00,07:00,,
230202,24/02/2016,20:00,07:00,19:55,05:09
230202,25/02/2016,20:00,07:00,,
230202,26/02/2016,20:00,07:00,19:54,07:00
230202,27/02/2016,20:00,07:00,,
230202,28/02/2016,20:00,07:00,,
230202,29/02/2016,20:00,07:00,,
231215,16/02/2016,19:00,07:00,,
231215,17/02/2016,19:00,07:00,,
231215,18/02/2016,19:00,07:00,,
231215,19/02/2016,19:00,07:00,,
231215,20/02/2016,19:00,07:00,19:09,
231215,21/02/2016,19:00,07:00,,
231215,22/02/2016,19:00,07:00,,
231215,23/02/2016,19:00,07:00,,
231215,24/02/2016,19:00,07:00,,
231215,25/02/2016,19:00,07:00,,
231215,26/02/2016,19:00,07:00,,
231215,27/02/2016,19:00,07:00,19:04,07:18
231215,28/02/2016,19:00,07:00,,
231215,29/02/2016,19:00,07:00,,
234614,16/02/2016,07:00,15:00,06:00,18:57
234614,17/02/2016,07:00,15:00,06:05,20:40
234614,18/02/2016,07:00,15:00,06:53,19:00
234614,19/02/2016,07:00,15:00,06:46,17:39
234614,20/02/2016,07:00,15:00,,
234614,21/02/2016,07:00,15:00,,
234614,22/02/2016,07:00,15:00,06:22,20:46
234614,23/02/2016,07:00,15:00,06:35,20:07
234614,24/02/2016,07:00,15:00,06:00,20:16
234614,25/02/2016,07:00,15:00,07:00,17:00
234614,26/02/2016,07:00,15:00,06:03,15:06
234614,27/02/2016,07:00,15:00,,
234614,28/02/2016,07:00,15:00,,
234614,29/02/2016,07:00,15:00,,
236824,16/02/2016,08:00,14:30,07:32,16:19
236824,17/02/2016,08:00,14:30,,
236824,18/02/2016,08:00,14:30,,
236824,19/02/2016,08:00,14:30,06:53,15:25
236824,20/02/2016,08:00,14:30,,
236824,21/02/2016,08:00,14:30,,
236824,22/02/2016,08:00,14:30,08:03,14:58
236824,23/02/2016,08:00,14:30,08:00,16:08
236824,24/02/2016,08:00,14:30,,
236824,25/02/2016,08:00,14:30,,
236824,26/02/2016,08:00,14:30,08:03,14:44
236824,27/02/2016,08:00,14:30,,
236824,28/02/2016,08:00,14:30,,
236824,29/02/2016,08:00,14:30,07:53,14:31
242320,16/02/2016,20:00,07:00,19:55,07:01
242320,17/02/2016,20:00,07:00,,
242320,18/02/2016,20:00,07:00,19:54,07:06
242320,19/02/2016,20:00,07:00,,
242320,20/02/2016,20:00,07:00,,
242320,21/02/2016,20:00,07:00,,
242320,22/02/2016,20:00,07:00,19:56,07:00
242320,23/02/2016,20:00,07:00,,
242320,24/02/2016,20:00,07:00,19:49,07:03
242320,25/02/2016,20:00,07:00,,
242320,26/02/2016,20:00,07:00,,
242320,27/02/2016,20:00,07:00,,
242320,28/02/2016,20:00,07:00,,
242320,29/02/2016,20:00,07:00,,
242452,16/02/2016,08:00,17:00,07:56,16:31
242452,17/02/2016,08:00,17:00,07:52,16:35
242452,18/02/2016,08:00,17:00,07:52,16:31
242452,19/02/2016,08:00,17:00,07:54,16:40
242452,20/02/2016,08:00,17:00,,
242452,21/02/2016,08:00,17:00,,
242452,22/02/2016,08:00,17:00,07:53,16:32
242452,23/02/2016,08:00,17:00,08:02,
242452,24/02/2016,08:00,17:00,07:57,16:36
242452,25/02/2016,08:00,17:00,07:43,16:34
242452,26/02/2016,08:00,17:00,07:52,14:38
242452,27/02/2016,08:00,17:00,,
242452,28/02/2016,08:00,17:00,,
242452,29/02/2016,08:00,17:00,,
248493,16/02/2016,20:00,07:00,,
248493,17/02/2016,20:00,07:00,19:50,07:07
248493,18/02/2016,20:00,07:00,,
248493,19/02/2016,20:00,07:00,19:48,07:24
248493,20/02/2016,20:00,07:00,,
248493,21/02/2016,20:00,07:00,,
248493,22/02/2016,20:00,07:00,,
248493,23/02/2016,20:00,07:00,19:49,07:46
248493,24/02/2016,20:00,07:00,,
248493,25/02/2016,20:00,07:00,19:50,07:10
248493,26/02/2016,20:00,07:00,,
248493,27/02/2016,20:00,07:00,,
248493,28/02/2016,20:00,07:00,,
248493,29/02/2016,20:00,07:00,19:49,07:45
255362,16/02/2016,06:00,18:00,,
255362,17/02/2016,06:00,18:00,,
255362,18/02/2016,06:00,18:00,,
255362,19/02/2016,06:00,18:00,,
255362,20/02/2016,06:00,18:00,,
255362,21/02/2016,06:00,18:00,,
255362,22/02/2016,06:00,18:00,,
255362,23/02/2016,06:00,18:00,,
255362,24/02/2016,06:00,18:00,,
255362,25/02/2016,06:00,18:00,,
255362,26/02/2016,06:00,18:00,,
255362,27/02/2016,06:00,18:00,,
255362,28/02/2016,06:00,18:00,,
255362,29/02/2016,06:00,18:00,,
260549,16/02/2016,07:00,19:00,,
260549,17/02/2016,07:00,19:00,,
260549,18/02/2016,07:00,19:00,,
260549,19/02/2016,07:00,19:00,,
260549,20/02/2016,07:00,19:00,06:26,19:10
260549,21/02/2016,07:00,19:00,06:32,19:02
260549,22/02/2016,07:00,19:00,,
260549,23/02/2016,07:00,19:00,,
260549,24/02/2016,07:00,19:00,,
260549,25/02/2016,07:00,19:00,,
260549,26/02/2016,07:00,19:00,,
260549,27/02/2016,07:00,19:00,06:19,19:01
260549,28/02/2016,07:00,19:00,06:36,19:06
260549,29/02/2016,07:00,19:00,,
260630,16/02/2016,07:30,19:30,,
260630,17/02/2016,07:30,19:30,,
260630,18/02/2016,07:30,19:30,,
260630,19/02/2016,07:30,19:30,,
260630,20/02/2016,07:30,19:30,,
260630,21/02/2016,07:30,19:30,07:31,21:03
260630,22/02/2016,07:30,19:30,07:30,
260630,23/02/2016,07:30,19:30,,
260630,24/02/2016,07:30,19:30,,
260630,25/02/2016,07:30,19:30,,
260630,26/02/2016,07:30,19:30,,
260630,27/02/2016,07:30,19:30,,
260630,28/02/2016,07:30,19:30,07:34,
260630,29/02/2016,07:30,19:30,07:30,
261106,16/02/2016,13:00,19:30,12:56,19:39
261106,17/02/2016,13:00,19:30,12:50,19:37
261106,18/02/2016,13:00,19:30,12:52,19:42
261106,19/02/2016,13:00,19:30,12:59,19:36
261106,20/02/2016,13:00,19:30,,
261106,21/02/2016,13:00,19:30,,
261106,22/02/2016,13:00,19:30,12:45,19:31
261106,23/02/2016,13:00,19:30,,
261106,24/02/2016,13:00,19:30,12:50,19:38
261106,25/02/2016,13:00,19:30,12:51,19:35
261106,26/02/2016,13:00,19:30,13:03,17:41
261106,27/02/2016,13:00,19:30,,
261106,28/02/2016,13:00,19:30,,
261106,29/02/2016,13:00,19:30,12:57,19:36
261665,16/02/2016,08:00,14:30,08:02,14:30
261665,17/02/2016,08:00,14:30,08:04,14:31
261665,18/02/2016,08:00,14:30,08:01,14:31
261665,19/02/2016,08:00,14:30,08:04,14:36
261665,20/02/2016,08:00,14:30,,
261665,21/02/2016,08:00,14:30,,
261665,22/02/2016,08:00,14:30,08:11,14:57
261665,23/02/2016,08:00,14:30,07:57,14:32
261665,24/02/2016,08:00,14:30,07:59,14:35
261665,25/02/2016,08:00,14:30,07:58,14:35
261665,26/02/2016,08:00,14:30,07:57,14:34
261665,27/02/2016,08:00,14:30,,
261665,28/02/2016,08:00,14:30,,
261665,29/02/2016,08:00,14:30,07:58,16:50
264065,16/02/2016,07:00,13:30,07:01,14:03
264065,17/02/2016,07:00,13:30,07:03,13:52
264065,18/02/2016,07:00,13:30,07:09,14:04
264065,19/02/2016,07:00,13:30,07:04,14:46
264065,20/02/2016,07:00,13:30,,
264065,21/02/2016,07:00,13:30,,
264065,22/02/2016,07:00,13:30,07:05,14:37
264065,23/02/2016,07:00,13:30,06:58,12:35
264065,24/02/2016,07:00,13:30,06:59,14:00
264065,25/02/2016,07:00,13:30,07:01,13:50
264065,26/02/2016,07:00,13:30,07:08,13:57
264065,27/02/2016,07:00,13:30,,
264065,28/02/2016,07:00,13:30,,
264065,29/02/2016,07:00,13:30,07:00,13:48
266458,16/02/2016,07:00,13:30,06:58,13:36
266458,17/02/2016,07:00,13:30,07:00,13:31
266458,18/02/2016,07:00,13:30,07:01,13:31
266458,19/02/2016,07:00,13:30,06:51,13:37
266458,20/02/2016,07:00,13:30,,
266458,21/02/2016,07:00,13:30,,
266458,22/02/2016,07:00,13:30,07:01,13:34
266458,23/02/2016,07:00,13:30,07:05,13:30
266458,24/02/2016,07:00,13:30,07:02,13:32
266458,25/02/2016,07:00,13:30,06:43,13:30
266458,26/02/2016,07:00,13:30,06:53,13:33
266458,27/02/2016,07:00,13:30,,
266458,28/02/2016,07:00,13:30,,
266458,29/02/2016,07:00,13:30,07:03,13:31
270019,16/02/2016,13:30,20:00,13:17,20:00
270019,17/02/2016,13:30,20:00,13:31,20:00
270019,18/02/2016,13:30,20:00,12:52,20:00
270019,19/02/2016,13:30,20:00,13:07,18:05
270019,20/02/2016,13:30,20:00,,
270019,21/02/2016,13:30,20:00,,
270019,22/02/2016,13:30,20:00,13:29,20:00
270019,23/02/2016,13:30,20:00,13:17,20:00
270019,24/02/2016,13:30,20:00,13:32,20:00
270019,25/02/2016,13:30,20:00,12:52,20:00
270019,26/02/2016,13:30,20:00,13:30,20:00
270019,27/02/2016,13:30,20:00,,
270019,28/02/2016,13:30,20:00,,
270019,29/02/2016,13:30,20:00,12:56,20:00
270428,16/02/2016,08:00,16:00,,
270428,17/02/2016,08:00,16:00,,
270428,18/02/2016,08:00,16:00,,
270428,19/02/2016,08:00,16:00,,
270428,20/02/2016,08:00,16:00,,
270428,21/02/2016,08:00,16:00,,
270428,22/02/2016,08:00,16:00,,
270428,23/02/2016,08:00,16:00,,
270428,24/02/2016,08:00,16:00,,
270428,25/02/2016,08:00,16:00,,
270428,26/02/2016,08:00,16:00,,
270428,27/02/2016,08:00,16:00,,
270428,28/02/2016,08:00,16:00,,
270428,29/02/2016,08:00,16:00,,
271429,16/02/2016,06:00,18:00,,
271429,17/02/2016,06:00,18:00,,
271429,18/02/2016,06:00,18:00,,
271429,19/02/2016,06:00,18:00,,
271429,20/02/2016,06:00,18:00,05:31,18:04
271429,21/02/2016,06:00,18:00,05:48,18:05
271429,22/02/2016,06:00,18:00,,
271429,23/02/2016,06:00,18:00,,
271429,24/02/2016,06:00,18:00,,
271429,25/02/2016,06:00,18:00,,
271429,26/02/2016,06:00,18:00,,
271429,27/02/2016,06:00,18:00,05:51,18:05
271429,28/02/2016,06:00,18:00,05:42,16:03
271429,29/02/2016,06:00,18:00,,
273291,16/02/2016,07:00,13:30,07:08,13:34
273291,17/02/2016,07:00,13:30,07:16,12:01
273291,18/02/2016,07:00,13:30,07:10,15:38
273291,19/02/2016,07:00,13:30,07:10,15:26
273291,20/02/2016,07:00,13:30,,
273291,21/02/2016,07:00,13:30,,
273291,22/02/2016,07:00,13:30,07:08,13:30
273291,23/02/2016,07:00,13:30,07:16,13:31
273291,24/02/2016,07:00,13:30,07:18,14:34
273291,25/02/2016,07:00,13:30,07:10,13:41
273291,26/02/2016,07:00,13:30,07:10,14:02
273291,27/02/2016,07:00,13:30,,
273291,28/02/2016,07:00,13:30,,
273291,29/02/2016,07:00,13:30,07:09,13:31
277509,16/02/2016,07:00,16:00,06:56,16:19
277509,17/02/2016,07:00,16:00,07:05,16:49
277509,18/02/2016,07:00,16:00,07:06,16:02
277509,19/02/2016,07:00,16:00,07:08,16:14
277509,20/02/2016,07:00,16:00,,
277509,21/02/2016,07:00,16:00,,
277509,22/02/2016,07:00,16:00,07:05,16:00
277509,23/02/2016,07:00,16:00,07:08,16:01
277509,24/02/2016,07:00,16:00,07:08,16:13
277509,25/02/2016,07:00,16:00,07:06,16:45
277509,26/02/2016,07:00,16:00,07:01,16:32
277509,27/02/2016,07:00,16:00,,
277509,28/02/2016,07:00,16:00,,
277509,29/02/2016,07:00,16:00,07:06,16:10
280953,16/02/2016,08:00,14:30,07:55,15:18
280953,17/02/2016,08:00,14:30,07:57,15:16
280953,18/02/2016,08:00,14:30,07:38,15:21
280953,19/02/2016,08:00,14:30,07:31,14:43
280953,20/02/2016,08:00,14:30,,
280953,21/02/2016,08:00,14:30,,
280953,22/02/2016,08:00,14:30,07:52,15:19
280953,23/02/2016,08:00,14:30,,
280953,24/02/2016,08:00,14:30,08:02,15:07
280953,25/02/2016,08:00,14:30,07:25,15:26
280953,26/02/2016,08:00,14:30,07:51,14:51
280953,27/02/2016,08:00,14:30,,
280953,28/02/2016,08:00,14:30,,
280953,29/02/2016,08:00,14:30,07:37,15:22
281125,16/02/2016,07:00,13:30,07:00,13:32
281125,17/02/2016,07:00,13:30,07:00,13:30
281125,18/02/2016,07:00,13:30,07:04,13:50
281125,19/02/2016,07:00,13:30,07:02,13:30
281125,20/02/2016,07:00,13:30,,
281125,21/02/2016,07:00,13:30,,
281125,22/02/2016,07:00,13:30,07:01,13:30
281125,23/02/2016,07:00,13:30,07:04,13:30
281125,24/02/2016,07:00,13:30,07:06,13:30
281125,25/02/2016,07:00,13:30,07:10,13:33
281125,26/02/2016,07:00,13:30,,
281125,27/02/2016,07:00,13:30,,
281125,28/02/2016,07:00,13:30,,
281125,29/02/2016,07:00,13:30,,
281536,16/02/2016,08:00,14:30,08:01,14:49
281536,17/02/2016,08:00,14:30,08:03,14:35
281536,18/02/2016,08:00,14:30,07:49,14:31
281536,19/02/2016,08:00,14:30,07:55,14:30
281536,20/02/2016,08:00,14:30,,
281536,21/02/2016,08:00,14:30,,
281536,22/02/2016,08:00,14:30,08:01,14:48
281536,23/02/2016,08:00,14:30,08:01,14:38
281536,24/02/2016,08:00,14:30,08:01,14:38
281536,25/02/2016,08:00,14:30,07:58,14:47
281536,26/02/2016,08:00,14:30,07:51,14:34
281536,27/02/2016,08:00,14:30,,
281536,28/02/2016,08:00,14:30,,
281536,29/02/2016,08:00,14:30,07:58,12:38
282249,16/02/2016,07:00,19:00,,
282249,17/02/2016,07:00,19:00,,
282249,18/02/2016,07:00,19:00,,
282249,19/02/2016,07:00,19:00,,
282249,20/02/2016,07:00,19:00,06:18,19:02
282249,21/02/2016,07:00,19:00,06:16,19:03
282249,22/02/2016,07:00,19:00,,
282249,23/02/2016,07:00,19:00,,
282249,24/02/2016,07:00,19:00,,
282249,25/02/2016,07:00,19:00,,
282249,26/02/2016,07:00,19:00,,
282249,27/02/2016,07:00,19:00,06:32,19:04
282249,28/02/2016,07:00,19:00,06:37,17:08
282249,29/02/2016,07:00,19:00,,
282273,16/02/2016,07:00,13:30,06:54,13:32
282273,17/02/2016,07:00,13:30,06:54,13:31
282273,18/02/2016,07:00,13:30,06:56,13:32
282273,19/02/2016,07:00,13:30,06:57,13:47
282273,20/02/2016,07:00,13:30,,
282273,21/02/2016,07:00,13:30,,
282273,22/02/2016,07:00,13:30,06:55,13:30
282273,23/02/2016,07:00,13:30,06:53,13:30
282273,24/02/2016,07:00,13:30,,
282273,25/02/2016,07:00,13:30,06:49,13:43
282273,26/02/2016,07:00,13:30,06:56,14:28
282273,27/02/2016,07:00,13:30,,
282273,28/02/2016,07:00,13:30,,
282273,29/02/2016,07:00,13:30,06:58,13:31
282806,16/02/2016,08:00,17:00,08:10,17:11
282806,17/02/2016,08:00,17:00,08:02,17:03
282806,18/02/2016,08:00,17:00,08:07,17:15
282806,19/02/2016,08:00,17:00,08:00,17:04
282806,20/02/2016,08:00,17:00,,
282806,21/02/2016,08:00,17:00,,
282806,22/02/2016,08:00,17:00,08:08,17:03
282806,23/02/2016,08:00,17:00,08:06,17:01
282806,24/02/2016,08:00,17:00,08:07,17:11
282806,25/02/2016,08:00,17:00,08:07,17:03
282806,26/02/2016,08:00,17:00,08:01,15:04
282806,27/02/2016,08:00,17:00,,
282806,28/02/2016,08:00,17:00,,
282806,29/02/2016,08:00,17:00,08:07,17:26
293829,16/02/2016,08:00,14:30,07:57,14:05
293829,17/02/2016,08:00,14:30,07:53,14:00
293829,18/02/2016,08:00,14:30,,14:00
293829,19/02/2016,08:00,14:30,,
293829,20/02/2016,08:00,14:30,,
293829,21/02/2016,08:00,14:30,,
293829,22/02/2016,08:00,14:30,,
293829,23/02/2016,08:00,14:30,08:04,14:00
293829,24/02/2016,08:00,14:30,08:07,14:00
293829,25/02/2016,08:00,14:30,07:53,
293829,26/02/2016,08:00,14:30,,
293829,27/02/2016,08:00,14:30,,
293829,28/02/2016,08:00,14:30,,
293829,29/02/2016,08:00,14:30,08:06,21:09
298579,16/02/2016,20:00,07:00,19:59,07:02
298579,17/02/2016,20:00,07:00,,
298579,18/02/2016,20:00,07:00,19:58,05:11
298579,19/02/2016,20:00,07:00,,
298579,20/02/2016,20:00,07:00,,
298579,21/02/2016,20:00,07:00,,
298579,22/02/2016,20:00,07:00,19:56,07:00
298579,23/02/2016,20:00,07:00,,
298579,24/02/2016,20:00,07:00,19:57,07:01
298579,25/02/2016,20:00,07:00,,
298579,26/02/2016,20:00,07:00,,
298579,27/02/2016,20:00,07:00,,
298579,28/02/2016,20:00,07:00,,
298579,29/02/2016,20:00,07:00,,
298763,16/02/2016,08:00,14:30,08:10,14:10
298763,17/02/2016,08:00,14:30,07:58,14:02
298763,18/02/2016,08:00,14:30,07:56,14:12
298763,19/02/2016,08:00,14:30,08:00,14:04
298763,20/02/2016,08:00,14:30,,
298763,21/02/2016,08:00,14:30,,
298763,22/02/2016,08:00,14:30,07:58,14:04
298763,23/02/2016,08:00,14:30,08:05,14:15
298763,24/02/2016,08:00,14:30,08:01,14:24
298763,25/02/2016,08:00,14:30,07:58,14:08
298763,26/02/2016,08:00,14:30,08:03,14:03
298763,27/02/2016,08:00,14:30,,
298763,28/02/2016,08:00,14:30,,
298763,29/02/2016,08:00,14:30,08:05,14:04
299536,16/02/2016,07:30,14:00,,
299536,17/02/2016,07:30,14:00,,
299536,18/02/2016,07:30,14:00,,
299536,19/02/2016,07:30,14:00,,
299536,20/02/2016,07:30,14:00,,
299536,21/02/2016,07:30,14:00,,
299536,22/02/2016,07:30,14:00,,
299536,23/02/2016,07:30,14:00,,
299536,24/02/2016,07:30,14:00,,
299536,25/02/2016,07:30,14:00,,
299536,26/02/2016,07:30,14:00,,
299536,27/02/2016,07:30,14:00,,
299536,28/02/2016,07:30,14:00,,
299536,29/02/2016,07:30,14:00,,
300230,16/02/2016,07:00,13:30,06:15,13:33
300230,17/02/2016,07:00,13:30,06:16,13:53
300230,18/02/2016,07:00,13:30,06:11,13:31
300230,19/02/2016,07:00,13:30,06:21,13:54
300230,20/02/2016,07:00,13:30,,
300230,21/02/2016,07:00,13:30,,
300230,22/02/2016,07:00,13:30,06:19,13:48
300230,23/02/2016,07:00,13:30,06:22,13:31
300230,24/02/2016,07:00,13:30,06:23,13:34
300230,25/02/2016,07:00,13:30,06:19,13:56
300230,26/02/2016,07:00,13:30,06:18,13:31
300230,27/02/2016,07:00,13:30,,
300230,28/02/2016,07:00,13:30,,
300230,29/02/2016,07:00,13:30,06:21,16:35
304451,16/02/2016,07:00,13:30,06:53,13:04
304451,17/02/2016,07:00,13:30,06:52,13:04
304451,18/02/2016,07:00,13:30,06:47,13:13
304451,19/02/2016,07:00,13:30,06:50,13:07
304451,20/02/2016,07:00,13:30,,
304451,21/02/2016,07:00,13:30,,
304451,22/02/2016,07:00,13:30,06:54,13:04
304451,23/02/2016,07:00,13:30,06:50,13:04
304451,24/02/2016,07:00,13:30,06:51,13:09
304451,25/02/2016,07:00,13:30,06:47,13:15
304451,26/02/2016,07:00,13:30,,
304451,27/02/2016,07:00,13:30,,
304451,28/02/2016,07:00,13:30,,
304451,29/02/2016,07:00,13:30,06:47,13:05
304839,16/02/2016,08:00,17:00,,
304839,17/02/2016,08:00,17:00,,
304839,18/02/2016,08:00,17:00,,
304839,19/02/2016,08:00,17:00,,
304839,20/02/2016,08:00,17:00,,
304839,21/02/2016,08:00,17:00,,
304839,22/02/2016,08:00,17:00,,
304839,23/02/2016,08:00,17:00,,
304839,24/02/2016,08:00,17:00,,
304839,25/02/2016,08:00,17:00,,
304839,26/02/2016,08:00,17:00,,
304839,27/02/2016,08:00,17:00,,
304839,28/02/2016,08:00,17:00,,
304839,29/02/2016,08:00,17:00,,
305351,16/02/2016,20:00,07:00,,
305351,17/02/2016,20:00,07:00,19:55,07:04
305351,18/02/2016,20:00,07:00,,
305351,19/02/2016,20:00,07:00,19:56,07:00
305351,20/02/2016,20:00,07:00,,
305351,21/02/2016,20:00,07:00,,
305351,22/02/2016,20:00,07:00,,
305351,23/02/2016,20:00,07:00,19:57,07:15
305351,24/02/2016,20:00,07:00,,
305351,25/02/2016,20:00,07:00,19:59,05:00
305351,26/02/2016,20:00,07:00,,
305351,27/02/2016,20:00,07:00,,
305351,28/02/2016,20:00,07:00,,
305351,29/02/2016,20:00,07:00,20:01,07:04
305359,16/02/2016,07:00,13:30,06:55,13:32
305359,17/02/2016,07:00,13:30,06:45,14:11
305359,18/02/2016,07:00,13:30,06:58,13:49
305359,19/02/2016,07:00,13:30,,
305359,20/02/2016,07:00,13:30,,
305359,21/02/2016,07:00,13:30,,
305359,22/02/2016,07:00,13:30,06:47,14:08
305359,23/02/2016,07:00,13:30,06:50,13:42
305359,24/02/2016,07:00,13:30,06:57,13:32
305359,25/02/2016,07:00,13:30,06:57,13:40
305359,26/02/2016,07:00,13:30,06:51,13:31
305359,27/02/2016,07:00,13:30,,
305359,28/02/2016,07:00,13:30,,
305359,29/02/2016,07:00,13:30,06:47,13:33
308637,16/02/2016,13:30,20:00,13:08,18:01
308637,17/02/2016,13:30,20:00,13:03,20:00
308637,18/02/2016,13:30,20:00,,
308637,19/02/2016,13:30,20:00,13:08,20:00
308637,20/02/2016,13:30,20:00,,
308637,21/02/2016,13:30,20:00,,
308637,22/02/2016,13:30,20:00,13:04,20:07
308637,23/02/2016,13:30,20:00,13:05,20:05
308637,24/02/2016,13:30,20:00,13:19,20:00
308637,25/02/2016,13:30,20:00,13:10,20:02
308637,26/02/2016,13:30,20:00,,
308637,27/02/2016,13:30,20:00,,
308637,28/02/2016,13:30,20:00,,
308637,29/02/2016,13:30,20:00,13:07,20:00
309388,16/02/2016,07:30,14:00,07:35,14:03
309388,17/02/2016,07:30,14:00,07:34,13:14
309388,18/02/2016,07:30,14:00,07:37,14:00
309388,19/02/2016,07:30,14:00,07:39,14:00
309388,20/02/2016,07:30,14:00,,
309388,21/02/2016,07:30,14:00,,
309388,22/02/2016,07:30,14:00,07:36,14:00
309388,23/02/2016,07:30,14:00,07:38,14:00
309388,24/02/2016,07:30,14:00,07:36,14:00
309388,25/02/2016,07:30,14:00,07:33,14:01
309388,26/02/2016,07:30,14:00,07:28,14:00
309388,27/02/2016,07:30,14:00,,
309388,28/02/2016,07:30,14:00,,
309388,29/02/2016,07:30,14:00,07:38,14:03
309389,16/02/2016,08:00,14:30,08:04,14:33
309389,17/02/2016,08:00,14:30,08:02,14:34
309389,18/02/2016,08:00,14:30,08:03,14:35
309389,19/02/2016,08:00,14:30,08:06,15:16
309389,20/02/2016,08:00,14:30,,
309389,21/02/2016,08:00,14:30,,
309389,22/02/2016,08:00,14:30,08:05,14:40
309389,23/02/2016,08:00,14:30,,
309389,24/02/2016,08:00,14:30,,
309389,25/02/2016,08:00,14:30,,
309389,26/02/2016,08:00,14:30,,
309389,27/02/2016,08:00,14:30,,
309389,28/02/2016,08:00,14:30,,
309389,29/02/2016,08:00,14:30,,
309713,16/02/2016,15:00,23:00,,
309713,17/02/2016,15:00,23:00,,
309713,18/02/2016,15:00,23:00,,
309713,19/02/2016,15:00,23:00,,
309713,22/02/2016,15:00,23:00,15:05,22:34
309713,23/02/2016,15:00,23:00,15:01,
309713,24/02/2016,15:00,23:00,,
309713,25/02/2016,15:00,23:00,,
309713,26/02/2016,15:00,23:00,,
309713,29/02/2016,15:00,23:00,14:57,22:31
313134,16/02/2016,07:00,13:30,07:04,11:58
313134,17/02/2016,07:00,13:30,07:03,13:37
313134,18/02/2016,07:00,13:30,,
313134,19/02/2016,07:00,13:30,,
313134,20/02/2016,07:00,13:30,,
313134,21/02/2016,07:00,13:30,,
313134,22/02/2016,07:00,13:30,07:10,13:46
313134,23/02/2016,07:00,13:30,07:07,13:32
313134,24/02/2016,07:00,13:30,07:05,13:37
313134,25/02/2016,07:00,13:30,07:03,13:36
313134,26/02/2016,07:00,13:30,07:09,13:30
313134,27/02/2016,07:00,13:30,,
313134,28/02/2016,07:00,13:30,,
313134,29/02/2016,07:00,13:30,07:04,13:39
315407,16/02/2016,08:00,14:30,08:01,15:43
315407,17/02/2016,08:00,14:30,08:05,13:04
315407,18/02/2016,08:00,14:30,08:03,14:38
315407,19/02/2016,08:00,14:30,08:02,14:58
315407,20/02/2016,08:00,14:30,,
315407,21/02/2016,08:00,14:30,,
315407,22/02/2016,08:00,14:30,07:56,15:10
315407,23/02/2016,08:00,14:30,07:52,15:09
315407,24/02/2016,08:00,14:30,08:04,15:19
315407,25/02/2016,08:00,14:30,07:58,15:08
315407,26/02/2016,08:00,14:30,08:01,15:10
315407,27/02/2016,08:00,14:30,,
315407,28/02/2016,08:00,14:30,,
315407,29/02/2016,08:00,14:30,08:04,15:54
318376,16/02/2016,13:30,20:00,,20:36
318376,17/02/2016,13:30,20:00,13:26,20:37
318376,18/02/2016,13:30,20:00,13:01,20:06
318376,19/02/2016,13:30,20:00,13:29,20:30
318376,20/02/2016,13:30,20:00,,
318376,21/02/2016,13:30,20:00,,
318376,22/02/2016,13:30,20:00,13:20,20:14
318376,23/02/2016,13:30,20:00,,20:34
318376,24/02/2016,13:30,20:00,13:11,20:20
318376,25/02/2016,13:30,20:00,13:31,20:12
318376,26/02/2016,13:30,20:00,13:34,20:02
318376,27/02/2016,13:30,20:00,,
318376,28/02/2016,13:30,20:00,,
318376,29/02/2016,13:30,20:00,13:26,20:33
318785,16/02/2016,07:00,19:00,,
318785,17/02/2016,07:00,19:00,,
318785,18/02/2016,07:00,19:00,,
318785,19/02/2016,07:00,19:00,,
318785,20/02/2016,07:00,19:00,,
318785,21/02/2016,07:00,19:00,,
318785,22/02/2016,07:00,19:00,,
318785,23/02/2016,07:00,19:00,,
318785,24/02/2016,07:00,19:00,,
318785,25/02/2016,07:00,19:00,,
318785,26/02/2016,07:00,19:00,,
318785,27/02/2016,07:00,19:00,,
318785,28/02/2016,07:00,19:00,,
318785,29/02/2016,07:00,19:00,,
319802,16/02/2016,08:00,14:30,08:00,14:04
319802,17/02/2016,08:00,14:30,08:01,14:03
319802,18/02/2016,08:00,14:30,08:01,14:03
319802,19/02/2016,08:00,14:30,,
319802,20/02/2016,08:00,14:30,,
319802,21/02/2016,08:00,14:30,,
319802,22/02/2016,08:00,14:30,07:33,14:10
319802,23/02/2016,08:00,14:30,07:41,14:01
319802,24/02/2016,08:00,14:30,08:06,14:01
319802,25/02/2016,08:00,14:30,07:51,14:01
319802,26/02/2016,08:00,14:30,07:47,14:03
319802,27/02/2016,08:00,14:30,,
319802,28/02/2016,08:00,14:30,,
319802,29/02/2016,08:00,14:30,07:53,12:06
320403,16/02/2016,13:30,20:00,,
320403,17/02/2016,13:30,20:00,,
320403,18/02/2016,13:30,20:00,,
320403,19/02/2016,13:30,20:00,,
320403,20/02/2016,13:30,20:00,,
320403,21/02/2016,13:30,20:00,,
320403,22/02/2016,13:30,20:00,,
320403,23/02/2016,13:30,20:00,,
320403,24/02/2016,13:30,20:00,,
320403,25/02/2016,13:30,20:00,,
320403,26/02/2016,13:30,20:00,,
320403,27/02/2016,13:30,20:00,,
320403,28/02/2016,13:30,20:00,,
320403,29/02/2016,13:30,20:00,,
321976,16/02/2016,07:00,13:30,06:55,13:31
321976,17/02/2016,07:00,13:30,06:57,12:12
321976,18/02/2016,07:00,13:30,,
321976,19/02/2016,07:00,13:30,06:45,13:33
321976,20/02/2016,07:00,13:30,,
321976,21/02/2016,07:00,13:30,,
321976,22/02/2016,07:00,13:30,07:05,13:30
321976,23/02/2016,07:00,13:30,07:01,13:36
321976,24/02/2016,07:00,13:30,06:57,13:32
321976,25/02/2016,07:00,13:30,07:08,14:00
321976,26/02/2016,07:00,13:30,,
321976,27/02/2016,07:00,13:30,,
321976,28/02/2016,07:00,13:30,,
321976,29/02/2016,07:00,13:30,07:04,13:33
321977,16/02/2016,07:00,19:00,,
321977,17/02/2016,07:00,19:00,,
321977,18/02/2016,07:00,19:00,,
321977,19/02/2016,07:00,19:00,,
321977,20/02/2016,07:00,19:00,,
321977,21/02/2016,07:00,19:00,07:01,19:00
321977,22/02/2016,07:00,19:00,,
321977,23/02/2016,07:00,19:00,,
321977,24/02/2016,07:00,19:00,,
321977,25/02/2016,07:00,19:00,,
321977,26/02/2016,07:00,19:00,,
321977,27/02/2016,07:00,19:00,,
321977,28/02/2016,07:00,19:00,07:05,17:11
321977,29/02/2016,07:00,19:00,,
324625,16/02/2016,07:00,19:00,,
324625,17/02/2016,07:00,19:00,,
324625,18/02/2016,07:00,19:00,,
324625,19/02/2016,07:00,19:00,,
324625,20/02/2016,07:00,19:00,,
324625,21/02/2016,07:00,19:00,,
324625,22/02/2016,07:00,19:00,,
324625,23/02/2016,07:00,19:00,,
324625,24/02/2016,07:00,19:00,,
324625,25/02/2016,07:00,19:00,,
324625,26/02/2016,07:00,19:00,,
324625,27/02/2016,07:00,19:00,06:53,19:00
324625,28/02/2016,07:00,19:00,,
324625,29/02/2016,07:00,19:00,,
325025,16/02/2016,07:00,13:30,06:59,13:30
325025,17/02/2016,07:00,13:30,07:01,13:30
325025,18/02/2016,07:00,13:30,07:03,13:33
325025,19/02/2016,07:00,13:30,06:59,13:30
325025,20/02/2016,07:00,13:30,,
325025,21/02/2016,07:00,13:30,,
325025,22/02/2016,07:00,13:30,06:56,13:30
325025,23/02/2016,07:00,13:30,07:00,13:34
325025,24/02/2016,07:00,13:30,06:53,13:30
325025,25/02/2016,07:00,13:30,07:02,13:30
325025,26/02/2016,07:00,13:30,06:55,11:30
325025,27/02/2016,07:00,13:30,,
325025,28/02/2016,07:00,13:30,,
325025,29/02/2016,07:00,13:30,06:58,13:34
325919,16/02/2016,20:00,07:00,,
325919,17/02/2016,20:00,07:00,,
325919,18/02/2016,20:00,07:00,,
325919,19/02/2016,20:00,07:00,19:30,07:01
325919,20/02/2016,20:00,07:00,,
325919,21/02/2016,20:00,07:00,,
325919,22/02/2016,20:00,07:00,,
325919,23/02/2016,20:00,07:00,20:00,06:37
325919,24/02/2016,20:00,07:00,,
325919,25/02/2016,20:00,07:00,20:04,05:00
325919,26/02/2016,20:00,07:00,,
325919,27/02/2016,20:00,07:00,,
325919,28/02/2016,20:00,07:00,,
325919,29/02/2016,20:00,07:00,20:07,06:30
326151,16/02/2016,07:00,13:30,06:03,13:32
326151,17/02/2016,07:00,13:30,07:00,13:30
326151,18/02/2016,07:00,13:30,06:36,13:44
326151,19/02/2016,07:00,13:30,06:34,13:48
326151,20/02/2016,07:00,13:30,,
326151,21/02/2016,07:00,13:30,,
326151,22/02/2016,07:00,13:30,06:26,13:42
326151,23/02/2016,07:00,13:30,06:32,13:39
326151,24/02/2016,07:00,13:30,06:33,13:40
326151,25/02/2016,07:00,13:30,06:22,14:07
326151,26/02/2016,07:00,13:30,06:26,13:31
326151,27/02/2016,07:00,13:30,,
326151,28/02/2016,07:00,13:30,,
326151,29/02/2016,07:00,13:30,06:17,13:39
326246,16/02/2016,07:00,13:30,06:46,13:52
326246,17/02/2016,07:00,13:30,06:31,14:01
326246,18/02/2016,07:00,13:30,06:47,14:34
326246,19/02/2016,07:00,13:30,06:34,13:53
326246,20/02/2016,07:00,13:30,,
326246,21/02/2016,07:00,13:30,,
326246,22/02/2016,07:00,13:30,06:51,13:53
326246,23/02/2016,07:00,13:30,06:39,13:31
326246,24/02/2016,07:00,13:30,06:45,13:30
326246,25/02/2016,07:00,13:30,06:34,13:30
326246,26/02/2016,07:00,13:30,06:43,14:04
326246,27/02/2016,07:00,13:30,,
326246,28/02/2016,07:00,13:30,,
326246,29/02/2016,07:00,13:30,06:39,14:42
329385,16/02/2016,07:00,13:30,07:06,13:39
329385,17/02/2016,07:00,13:30,07:08,13:34
329385,18/02/2016,07:00,13:30,07:08,13:32
329385,19/02/2016,07:00,13:30,07:07,13:35
329385,20/02/2016,07:00,13:30,,
329385,21/02/2016,07:00,13:30,,
329385,22/02/2016,07:00,13:30,,
329385,23/02/2016,07:00,13:30,07:09,13:39
329385,24/02/2016,07:00,13:30,07:08,13:51
329385,25/02/2016,07:00,13:30,07:08,13:40
329385,26/02/2016,07:00,13:30,07:07,14:03
329385,27/02/2016,07:00,13:30,,
329385,28/02/2016,07:00,13:30,,
329385,29/02/2016,07:00,13:30,,
329388,16/02/2016,14:30,21:00,14:10,21:00
329388,17/02/2016,14:30,21:00,14:05,21:00
329388,18/02/2016,14:30,21:00,14:10,21:06
329388,19/02/2016,14:30,21:00,14:15,21:00
329388,20/02/2016,14:30,21:00,,19:08
329388,21/02/2016,14:30,21:00,07:02,19:12
329388,22/02/2016,14:30,21:00,07:00,21:00
329388,23/02/2016,14:30,21:00,14:09,21:00
329388,24/02/2016,14:30,21:00,14:15,21:01
329388,25/02/2016,14:30,21:00,14:22,21:00
329388,26/02/2016,14:30,21:00,14:01,21:06
329388,27/02/2016,14:30,21:00,,
329388,28/02/2016,14:30,21:00,,
329388,29/02/2016,14:30,21:00,14:09,21:21
329871,16/02/2016,07:00,13:30,,
329871,17/02/2016,07:00,13:30,,
329871,18/02/2016,07:00,13:30,,
329871,19/02/2016,07:00,13:30,,
329871,20/02/2016,07:00,13:30,,
329871,21/02/2016,07:00,13:30,,
329871,22/02/2016,07:00,13:30,,
329871,23/02/2016,07:00,13:30,,
329871,24/02/2016,07:00,13:30,,
329871,25/02/2016,07:00,13:30,,
329871,26/02/2016,07:00,13:30,,
329871,27/02/2016,07:00,13:30,,
329871,28/02/2016,07:00,13:30,,
329871,29/02/2016,07:00,13:30,,
329872,16/02/2016,07:00,13:30,,
329872,17/02/2016,07:00,13:30,,
329872,18/02/2016,07:00,13:30,,
329872,19/02/2016,07:00,13:30,,
329872,20/02/2016,07:00,13:30,,
329872,21/02/2016,07:00,13:30,,
329872,22/02/2016,07:00,13:30,,
329872,23/02/2016,07:00,13:30,,
329872,24/02/2016,07:00,13:30,,
329872,25/02/2016,07:00,13:30,,
329872,26/02/2016,07:00,13:30,,
329872,27/02/2016,07:00,13:30,,
329872,28/02/2016,07:00,13:30,,
329872,29/02/2016,07:00,13:30,,
330555,16/02/2016,08:00,14:30,,
330555,17/02/2016,08:00,14:30,,
330555,18/02/2016,08:00,14:30,07:52,14:52
330555,19/02/2016,08:00,14:30,07:50,14:36
330555,20/02/2016,08:00,14:30,,
330555,21/02/2016,08:00,14:30,,
330555,22/02/2016,08:00,14:30,07:50,14:34
330555,23/02/2016,08:00,14:30,07:50,14:36
330555,24/02/2016,08:00,14:30,07:54,14:42
330555,25/02/2016,08:00,14:30,07:32,14:55
330555,26/02/2016,08:00,14:30,07:55,14:42
330555,27/02/2016,08:00,14:30,,
330555,28/02/2016,08:00,14:30,,
330555,29/02/2016,08:00,14:30,07:40,14:34
332618,16/02/2016,08:00,14:30,07:48,14:30
332618,17/02/2016,08:00,14:30,08:02,14:30
332618,18/02/2016,08:00,14:30,07:57,14:30
332618,19/02/2016,08:00,14:30,07:59,14:30
332618,20/02/2016,08:00,14:30,,
332618,21/02/2016,08:00,14:30,,
332618,22/02/2016,08:00,14:30,08:03,14:30
332618,23/02/2016,08:00,14:30,07:56,14:30
332618,24/02/2016,08:00,14:30,07:54,14:30
332618,25/02/2016,08:00,14:30,08:03,14:31
332618,26/02/2016,08:00,14:30,08:06,14:31
332618,27/02/2016,08:00,14:30,,
332618,28/02/2016,08:00,14:30,,
332618,29/02/2016,08:00,14:30,08:04,14:30
333416,16/02/2016,08:00,14:30,07:57,14:30
333416,17/02/2016,08:00,14:30,07:59,14:30
333416,18/02/2016,08:00,14:30,08:03,14:38
333416,19/02/2016,08:00,14:30,08:04,12:52
333416,20/02/2016,08:00,14:30,,
333416,21/02/2016,08:00,14:30,,
333416,22/02/2016,08:00,14:30,08:05,14:35
333416,23/02/2016,08:00,14:30,07:55,14:36
333416,24/02/2016,08:00,14:30,08:09,14:30
333416,25/02/2016,08:00,14:30,08:02,14:38
333416,26/02/2016,08:00,14:30,07:59,14:40
333416,27/02/2016,08:00,14:30,,
333416,28/02/2016,08:00,14:30,,
333416,29/02/2016,08:00,14:30,08:10,14:34
334778,16/02/2016,13:30,20:00,13:18,20:00
334778,17/02/2016,13:30,20:00,13:35,20:00
334778,18/02/2016,13:30,20:00,13:31,20:00
334778,19/02/2016,13:30,20:00,13:34,20:01
334778,20/02/2016,13:30,20:00,,
334778,21/02/2016,13:30,20:00,,
334778,22/02/2016,13:30,20:00,13:37,20:00
334778,23/02/2016,13:30,20:00,13:36,20:00
334778,24/02/2016,13:30,20:00,13:31,20:00
334778,25/02/2016,13:30,20:00,13:00,20:00
334778,26/02/2016,13:30,20:00,,
334778,27/02/2016,13:30,20:00,,
334778,28/02/2016,13:30,20:00,,
334778,29/02/2016,13:30,20:00,,
340090,16/02/2016,13:30,20:00,13:23,21:28
340090,17/02/2016,13:30,20:00,13:15,20:16
340090,18/02/2016,13:30,20:00,12:53,20:14
340090,19/02/2016,13:30,20:00,13:12,20:18
340090,20/02/2016,13:30,20:00,,
340090,21/02/2016,13:30,20:00,,
340090,22/02/2016,13:30,20:00,13:10,20:19
340090,23/02/2016,13:30,20:00,13:17,20:04
340090,24/02/2016,13:30,20:00,12:29,20:05
340090,25/02/2016,13:30,20:00,12:44,20:14
340090,26/02/2016,13:30,20:00,12:15,18:15
340090,27/02/2016,13:30,20:00,,
340090,28/02/2016,13:30,20:00,,
340090,29/02/2016,13:30,20:00,12:56,20:00
341263,16/02/2016,08:00,16:00,,16:23
341263,17/02/2016,08:00,16:00,08:00,16:19
341263,18/02/2016,08:00,16:00,08:02,16:28
341263,19/02/2016,08:00,16:00,08:00,16:05
341263,20/02/2016,08:00,16:00,,
341263,21/02/2016,08:00,16:00,,
341263,22/02/2016,08:00,16:00,,
341263,23/02/2016,08:00,16:00,,
341263,24/02/2016,08:00,16:00,,
341263,25/02/2016,08:00,16:00,,
341263,26/02/2016,08:00,16:00,,
341263,27/02/2016,08:00,16:00,,
341263,28/02/2016,08:00,16:00,,
341263,29/02/2016,08:00,16:00,08:03,17:42
343308,16/02/2016,07:00,13:30,06:18,13:03
343308,17/02/2016,07:00,13:30,,
343308,18/02/2016,07:00,13:30,06:26,11:03
343308,19/02/2016,07:00,13:30,06:23,13:00
343308,20/02/2016,07:00,13:30,,
343308,21/02/2016,07:00,13:30,,
343308,22/02/2016,07:00,13:30,06:23,13:01
343308,23/02/2016,07:00,13:30,06:21,13:03
343308,24/02/2016,07:00,13:30,06:23,13:04
343308,25/02/2016,07:00,13:30,,
343308,26/02/2016,07:00,13:30,06:18,13:04
343308,27/02/2016,07:00,13:30,,
343308,28/02/2016,07:00,13:30,,
343308,29/02/2016,07:00,13:30,06:20,13:03
343310,16/02/2016,19:00,07:00,,
343310,17/02/2016,19:00,07:00,,
343310,18/02/2016,19:00,07:00,,
343310,19/02/2016,19:00,07:00,,
343310,20/02/2016,19:00,07:00,,
343310,21/02/2016,19:00,07:00,18:59,07:05
343310,22/02/2016,19:00,07:00,,
343310,23/02/2016,19:00,07:00,,
343310,24/02/2016,19:00,07:00,,
343310,25/02/2016,19:00,07:00,,
343310,26/02/2016,19:00,07:00,,
343310,27/02/2016,19:00,07:00,18:59,05:35
343310,28/02/2016,19:00,07:00,,
343310,29/02/2016,19:00,07:00,,
345410,16/02/2016,06:00,18:00,,
345410,17/02/2016,06:00,18:00,,
345410,18/02/2016,06:00,18:00,,
345410,19/02/2016,06:00,18:00,,
345410,20/02/2016,06:00,18:00,05:48,18:06
345410,21/02/2016,06:00,18:00,05:56,18:11
345410,22/02/2016,06:00,18:00,,
345410,23/02/2016,06:00,18:00,,
345410,24/02/2016,06:00,18:00,,
345410,25/02/2016,06:00,18:00,,
345410,26/02/2016,06:00,18:00,,
345410,27/02/2016,06:00,18:00,05:55,18:04
345410,28/02/2016,06:00,18:00,05:54,18:05
345410,29/02/2016,06:00,18:00,,
345711,16/02/2016,07:00,13:30,06:36,13:40
345711,17/02/2016,07:00,13:30,06:31,13:33
345711,18/02/2016,07:00,13:30,06:38,20:03
345711,19/02/2016,07:00,13:30,06:32,13:56
345711,20/02/2016,07:00,13:30,,
345711,21/02/2016,07:00,13:30,,
345711,22/02/2016,07:00,13:30,06:30,13:53
345711,23/02/2016,07:00,13:30,06:27,13:45
345711,24/02/2016,07:00,13:30,,
345711,25/02/2016,07:00,13:30,06:30,13:41
345711,26/02/2016,07:00,13:30,06:35,20:06
345711,27/02/2016,07:00,13:30,,
345711,28/02/2016,07:00,13:30,,
345711,29/02/2016,07:00,13:30,,
346136,16/02/2016,13:30,20:00,,
346136,17/02/2016,13:30,20:00,13:26,20:01
346136,18/02/2016,13:30,20:00,13:27,20:00
346136,19/02/2016,13:30,20:00,13:28,20:01
346136,20/02/2016,13:30,20:00,,
346136,21/02/2016,13:30,20:00,,
346136,22/02/2016,13:30,20:00,13:34,20:00
346136,23/02/2016,13:30,20:00,13:36,20:01
346136,24/02/2016,13:30,20:00,13:35,18:03
346136,25/02/2016,13:30,20:00,13:29,20:00
346136,26/02/2016,13:30,20:00,13:27,20:01
346136,27/02/2016,13:30,20:00,,
346136,28/02/2016,13:30,20:00,,
346136,29/02/2016,13:30,20:00,,
347910,16/02/2016,13:30,20:00,12:46,20:21
347910,17/02/2016,13:30,20:00,12:32,20:08
347910,18/02/2016,13:30,20:00,13:20,20:01
347910,19/02/2016,13:30,20:00,13:18,20:00
347910,20/02/2016,13:30,20:00,,
347910,21/02/2016,13:30,20:00,,
347910,22/02/2016,13:30,20:00,,
347910,23/02/2016,13:30,20:00,12:43,
347910,24/02/2016,13:30,20:00,,
347910,25/02/2016,13:30,20:00,,
347910,26/02/2016,13:30,20:00,,
347910,27/02/2016,13:30,20:00,,
347910,28/02/2016,13:30,20:00,,
347910,29/02/2016,13:30,20:00,,
348006,16/02/2016,08:00,14:30,08:01,14:31
348006,17/02/2016,08:00,14:30,08:24,14:42
348006,18/02/2016,08:00,14:30,08:25,14:33
348006,19/02/2016,08:00,14:30,07:49,20:57
348006,20/02/2016,08:00,14:30,,
348006,21/02/2016,08:00,14:30,,
348006,22/02/2016,08:00,14:30,08:08,15:25
348006,23/02/2016,08:00,14:30,08:02,14:41
348006,24/02/2016,08:00,14:30,08:20,14:52
348006,25/02/2016,08:00,14:30,08:33,14:33
348006,26/02/2016,08:00,14:30,08:18,14:35
348006,27/02/2016,08:00,14:30,,
348006,28/02/2016,08:00,14:30,,
348006,29/02/2016,08:00,14:30,10:46,14:56
350567,16/02/2016,07:30,14:00,08:11,14:00
350567,17/02/2016,07:30,14:00,08:10,14:07
350567,18/02/2016,07:30,14:00,08:10,14:05
350567,19/02/2016,07:30,14:00,08:14,14:01
350567,20/02/2016,07:30,14:00,,
350567,21/02/2016,07:30,14:00,,
350567,22/02/2016,07:30,14:00,08:19,14:00
350567,23/02/2016,07:30,14:00,08:10,14:01
350567,24/02/2016,07:30,14:00,08:12,14:00
350567,25/02/2016,07:30,14:00,08:25,
350567,26/02/2016,07:30,14:00,,
350567,27/02/2016,07:30,14:00,,
350567,28/02/2016,07:30,14:00,,
350567,29/02/2016,07:30,14:00,08:10,14:02
351061,16/02/2016,07:00,13:30,06:49,11:32
351061,17/02/2016,07:00,13:30,06:51,13:41
351061,18/02/2016,07:00,13:30,06:48,13:34
351061,19/02/2016,07:00,13:30,06:51,13:41
351061,20/02/2016,07:00,13:30,,
351061,21/02/2016,07:00,13:30,,
351061,22/02/2016,07:00,13:30,06:51,13:33
351061,23/02/2016,07:00,13:30,06:50,13:32
351061,24/02/2016,07:00,13:30,06:49,13:32
351061,25/02/2016,07:00,13:30,06:48,13:32
351061,26/02/2016,07:00,13:30,,
351061,27/02/2016,07:00,13:30,,
351061,28/02/2016,07:00,13:30,,
351061,29/02/2016,07:00,13:30,06:47,13:34
351160,16/02/2016,08:00,16:00,,
351160,17/02/2016,08:00,16:00,,
351160,18/02/2016,08:00,16:00,,
351160,19/02/2016,08:00,16:00,,
351160,20/02/2016,08:00,16:00,,
351160,21/02/2016,08:00,16:00,,
351160,22/02/2016,08:00,16:00,,
351160,23/02/2016,08:00,16:00,,
351160,24/02/2016,08:00,16:00,,
351160,25/02/2016,08:00,16:00,,
351160,26/02/2016,08:00,16:00,,
351160,27/02/2016,08:00,16:00,,
351160,28/02/2016,08:00,16:00,,
351160,29/02/2016,08:00,16:00,,
351246,16/02/2016,08:00,16:00,,
351246,17/02/2016,08:00,16:00,,
351246,18/02/2016,08:00,16:00,,
351246,19/02/2016,08:00,16:00,,
351246,20/02/2016,08:00,16:00,,
351246,21/02/2016,08:00,16:00,,
351246,22/02/2016,08:00,16:00,,
351246,23/02/2016,08:00,16:00,,
351246,24/02/2016,08:00,16:00,,
351246,25/02/2016,08:00,16:00,,
351246,26/02/2016,08:00,16:00,,
351246,27/02/2016,08:00,16:00,,
351246,28/02/2016,08:00,16:00,,
351246,29/02/2016,08:00,16:00,,
351379,16/02/2016,13:30,20:00,13:22,20:02
351379,17/02/2016,13:30,20:00,13:28,20:00
351379,18/02/2016,13:30,20:00,13:03,20:18
351379,19/02/2016,13:30,20:00,13:27,20:00
351379,20/02/2016,13:30,20:00,,
351379,21/02/2016,13:30,20:00,,
351379,22/02/2016,13:30,20:00,13:18,20:01
351379,23/02/2016,13:30,20:00,13:24,20:01
351379,24/02/2016,13:30,20:00,13:29,20:00
351379,25/02/2016,13:30,20:00,13:21,20:02
351379,26/02/2016,13:30,20:00,13:25,20:06
351379,27/02/2016,13:30,20:00,,
351379,28/02/2016,13:30,20:00,,
351379,29/02/2016,13:30,20:00,13:03,20:02
352782,16/02/2016,08:00,16:00,,
352782,17/02/2016,08:00,16:00,,
352782,18/02/2016,08:00,16:00,,
352782,19/02/2016,08:00,16:00,,
352782,20/02/2016,08:00,16:00,,
352782,21/02/2016,08:00,16:00,,
352782,22/02/2016,08:00,16:00,,
352782,23/02/2016,08:00,16:00,,
352782,24/02/2016,08:00,16:00,,
352782,25/02/2016,08:00,16:00,,
352782,26/02/2016,08:00,16:00,,
352782,27/02/2016,08:00,16:00,,
352782,28/02/2016,08:00,16:00,,
352782,29/02/2016,08:00,16:00,,
352984,16/02/2016,08:00,16:00,,
352984,17/02/2016,08:00,16:00,,
352984,18/02/2016,08:00,16:00,,
352984,19/02/2016,08:00,16:00,,
352984,20/02/2016,08:00,16:00,,
352984,21/02/2016,08:00,16:00,,
352984,22/02/2016,08:00,16:00,,
352984,23/02/2016,08:00,16:00,,
352984,24/02/2016,08:00,16:00,,
352984,25/02/2016,08:00,16:00,,
352984,26/02/2016,08:00,16:00,,
352984,27/02/2016,08:00,16:00,,
352984,28/02/2016,08:00,16:00,,
352984,29/02/2016,08:00,16:00,,
353193,16/02/2016,08:00,16:00,,
353193,17/02/2016,08:00,16:00,,
353193,18/02/2016,08:00,16:00,,
353193,19/02/2016,08:00,16:00,,
353193,20/02/2016,08:00,16:00,,
353193,21/02/2016,08:00,16:00,,
353193,22/02/2016,08:00,16:00,,
353193,23/02/2016,08:00,16:00,,
353193,24/02/2016,08:00,16:00,,
353193,25/02/2016,08:00,16:00,,
353193,26/02/2016,08:00,16:00,,
353193,27/02/2016,08:00,16:00,,
353193,28/02/2016,08:00,16:00,,
353193,29/02/2016,08:00,16:00,,
355052,16/02/2016,13:30,20:00,13:17,20:01
355052,17/02/2016,13:30,20:00,13:18,20:07
355052,18/02/2016,13:30,20:00,13:17,20:03
355052,19/02/2016,13:30,20:00,13:13,18:03
355052,20/02/2016,13:30,20:00,,
355052,21/02/2016,13:30,20:00,,
355052,22/02/2016,13:30,20:00,13:04,20:02
355052,23/02/2016,13:30,20:00,13:06,20:04
355052,24/02/2016,13:30,20:00,13:01,20:01
355052,25/02/2016,13:30,20:00,13:18,20:03
355052,26/02/2016,13:30,20:00,13:08,20:00
355052,27/02/2016,13:30,20:00,,
355052,28/02/2016,13:30,20:00,,
355052,29/02/2016,13:30,20:00,13:01,20:00
355379,16/02/2016,07:00,15:00,06:53,15:15
355379,17/02/2016,07:00,15:00,06:35,15:13
355379,18/02/2016,07:00,15:00,06:50,15:27
355379,19/02/2016,07:00,15:00,06:52,16:09
355379,20/02/2016,07:00,15:00,,
355379,21/02/2016,07:00,15:00,,
355379,22/02/2016,07:00,15:00,06:34,15:15
355379,23/02/2016,07:00,15:00,06:49,15:07
355379,24/02/2016,07:00,15:00,06:50,15:56
355379,25/02/2016,07:00,15:00,06:53,13:45
355379,26/02/2016,07:00,15:00,06:53,15:16
355379,27/02/2016,07:00,15:00,,
355379,28/02/2016,07:00,15:00,,
355379,29/02/2016,07:00,15:00,06:54,15:19
356919,16/02/2016,08:00,16:00,,
356919,17/02/2016,08:00,16:00,,
356919,18/02/2016,08:00,16:00,,
356919,19/02/2016,08:00,16:00,,
356919,20/02/2016,08:00,16:00,,
356919,21/02/2016,08:00,16:00,,
356919,22/02/2016,08:00,16:00,,
356919,23/02/2016,08:00,16:00,,
356919,24/02/2016,08:00,16:00,,
356919,25/02/2016,08:00,16:00,,
356919,26/02/2016,08:00,16:00,,
356919,27/02/2016,08:00,16:00,,
356919,28/02/2016,08:00,16:00,,
356919,29/02/2016,08:00,16:00,,
357029,16/02/2016,13:30,20:00,12:56,20:03
357029,17/02/2016,13:30,20:00,12:52,20:02
357029,18/02/2016,13:30,20:00,12:49,20:02
357029,19/02/2016,13:30,20:00,13:02,20:01
357029,20/02/2016,13:30,20:00,,
357029,21/02/2016,13:30,20:00,,
357029,22/02/2016,13:30,20:00,13:03,20:01
357029,23/02/2016,13:30,20:00,12:53,20:01
357029,24/02/2016,13:30,20:00,12:43,20:02
357029,25/02/2016,13:30,20:00,12:52,20:00
357029,26/02/2016,13:30,20:00,12:51,20:01
357029,27/02/2016,13:30,20:00,,
357029,28/02/2016,13:30,20:00,,
357029,29/02/2016,13:30,20:00,13:09,20:03
357788,16/02/2016,13:30,20:00,13:15,20:01
357788,17/02/2016,13:30,20:00,13:24,20:07
357788,18/02/2016,13:30,20:00,13:19,20:04
357788,19/02/2016,13:30,20:00,13:26,20:07
357788,20/02/2016,13:30,20:00,,
357788,21/02/2016,13:30,20:00,,
357788,22/02/2016,13:30,20:00,13:10,20:04
357788,23/02/2016,13:30,20:00,13:15,20:08
357788,24/02/2016,13:30,20:00,13:24,20:00
357788,25/02/2016,13:30,20:00,13:22,20:01
357788,26/02/2016,13:30,20:00,13:16,20:04
357788,27/02/2016,13:30,20:00,,
357788,28/02/2016,13:30,20:00,,
357788,29/02/2016,13:30,20:00,13:26,20:02
358387,16/02/2016,13:30,20:00,13:11,20:00
358387,17/02/2016,13:30,20:00,13:15,20:00
358387,18/02/2016,13:30,20:00,13:17,20:00
358387,19/02/2016,13:30,20:00,13:20,20:00
358387,20/02/2016,13:30,20:00,,
358387,21/02/2016,13:30,20:00,,
358387,22/02/2016,13:30,20:00,13:21,20:00
358387,23/02/2016,13:30,20:00,13:12,20:00
358387,24/02/2016,13:30,20:00,13:18,20:00
358387,25/02/2016,13:30,20:00,13:21,20:00
358387,26/02/2016,13:30,20:00,13:10,20:00
358387,27/02/2016,13:30,20:00,,
358387,28/02/2016,13:30,20:00,,
358387,29/02/2016,13:30,20:00,13:11,18:00
358914,16/02/2016,13:00,19:30,12:44,18:07
358914,17/02/2016,13:00,19:30,12:35,19:31
358914,18/02/2016,13:00,19:30,12:20,19:32
358914,19/02/2016,13:00,19:30,11:56,19:30
358914,20/02/2016,13:00,19:30,,
358914,21/02/2016,13:00,19:30,,
358914,22/02/2016,13:00,19:30,12:32,19:31
358914,23/02/2016,13:00,19:30,12:30,19:31
358914,24/02/2016,13:00,19:30,12:30,19:32
358914,25/02/2016,13:00,19:30,12:40,19:30
358914,26/02/2016,13:00,19:30,,
358914,27/02/2016,13:00,19:30,,
358914,28/02/2016,13:00,19:30,,
358914,29/02/2016,13:00,19:30,12:41,19:30
359404,16/02/2016,13:30,20:00,13:23,20:02
359404,17/02/2016,13:30,20:00,13:25,20:03
359404,18/02/2016,13:30,20:00,,
359404,19/02/2016,13:30,20:00,13:25,20:07
359404,20/02/2016,13:30,20:00,,
359404,21/02/2016,13:30,20:00,,
359404,22/02/2016,13:30,20:00,13:18,20:01
359404,23/02/2016,13:30,20:00,13:20,20:03
359404,24/02/2016,13:30,20:00,13:20,20:03
359404,25/02/2016,13:30,20:00,13:15,20:03
359404,26/02/2016,13:30,20:00,13:15,20:07
359404,27/02/2016,13:30,20:00,,
359404,28/02/2016,13:30,20:00,,
359404,29/02/2016,13:30,20:00,13:19,20:04
359523,16/02/2016,06:00,12:30,05:57,12:36
359523,17/02/2016,06:00,12:30,05:55,12:32
359523,18/02/2016,06:00,12:30,05:58,12:32
359523,19/02/2016,06:00,12:30,05:57,12:34
359523,20/02/2016,06:00,12:30,,
359523,21/02/2016,06:00,12:30,,
359523,22/02/2016,06:00,12:30,05:57,12:30
359523,23/02/2016,06:00,12:30,05:56,12:32
359523,24/02/2016,06:00,12:30,05:53,12:31
359523,25/02/2016,06:00,12:30,05:56,12:31
359523,26/02/2016,06:00,12:30,05:56,12:30
359523,27/02/2016,06:00,12:30,,
359523,28/02/2016,06:00,12:30,,
359523,29/02/2016,06:00,12:30,05:56,12:34
360105,16/02/2016,07:00,13:30,06:59,13:30
360105,17/02/2016,07:00,13:30,06:58,13:30
360105,18/02/2016,07:00,13:30,06:57,13:30
360105,19/02/2016,07:00,13:30,06:59,13:30
360105,20/02/2016,07:00,13:30,,
360105,21/02/2016,07:00,13:30,,
360105,22/02/2016,07:00,13:30,06:54,13:31
360105,23/02/2016,07:00,13:30,07:02,13:30
360105,24/02/2016,07:00,13:30,06:59,13:31
360105,25/02/2016,07:00,13:30,06:57,13:30
360105,26/02/2016,07:00,13:30,06:57,13:30
360105,27/02/2016,07:00,13:30,,
360105,28/02/2016,07:00,13:30,,
360105,29/02/2016,07:00,13:30,06:56,13:30
360451,16/02/2016,08:00,16:00,07:42,16:15
360451,17/02/2016,08:00,16:00,07:45,16:12
360451,18/02/2016,08:00,16:00,07:44,16:27
360451,19/02/2016,08:00,16:00,08:03,16:07
360451,20/02/2016,08:00,16:00,,
360451,21/02/2016,08:00,16:00,,
360451,22/02/2016,08:00,16:00,07:52,16:06
360451,23/02/2016,08:00,16:00,07:54,16:39
360451,24/02/2016,08:00,16:00,07:45,16:01
360451,25/02/2016,08:00,16:00,07:59,16:03
360451,26/02/2016,08:00,16:00,07:55,17:39
360451,27/02/2016,08:00,16:00,,
360451,28/02/2016,08:00,16:00,,
360451,29/02/2016,08:00,16:00,07:59,16:02
360938,16/02/2016,07:00,13:30,07:03,13:30
360938,17/02/2016,07:00,13:30,07:02,13:32
360938,18/02/2016,07:00,13:30,,
360938,19/02/2016,07:00,13:30,,
360938,20/02/2016,07:00,13:30,,
360938,21/02/2016,07:00,13:30,,
360938,22/02/2016,07:00,13:30,,
360938,23/02/2016,07:00,13:30,,
360938,24/02/2016,07:00,13:30,,
360938,25/02/2016,07:00,13:30,,
360938,26/02/2016,07:00,13:30,,
360938,27/02/2016,07:00,13:30,,
360938,28/02/2016,07:00,13:30,,
360938,29/02/2016,07:00,13:30,07:02,13:30
362436,16/02/2016,07:00,13:30,06:55,13:35
362436,17/02/2016,07:00,13:30,06:56,13:37
362436,18/02/2016,07:00,13:30,06:55,13:38
362436,19/02/2016,07:00,13:30,06:56,13:47
362436,20/02/2016,07:00,13:30,,
362436,21/02/2016,07:00,13:30,,
362436,22/02/2016,07:00,13:30,06:56,13:47
362436,23/02/2016,07:00,13:30,06:46,13:36
362436,24/02/2016,07:00,13:30,06:36,13:31
362436,25/02/2016,07:00,13:30,06:57,13:37
362436,26/02/2016,07:00,13:30,06:58,13:33
362436,27/02/2016,07:00,13:30,,
362436,28/02/2016,07:00,13:30,,
362436,29/02/2016,07:00,13:30,06:50,13:43
362437,16/02/2016,21:00,08:00,20:40,08:02
362437,17/02/2016,21:00,08:00,,
362437,18/02/2016,21:00,08:00,20:51,08:01
362437,19/02/2016,21:00,08:00,,07:01
362437,20/02/2016,21:00,08:00,19:00,06:42
362437,21/02/2016,21:00,08:00,19:46,
362437,22/02/2016,21:00,08:00,20:56,08:01
362437,23/02/2016,21:00,08:00,,
362437,24/02/2016,21:00,08:00,21:01,08:03
362437,25/02/2016,21:00,08:00,,
362437,26/02/2016,21:00,08:00,20:52,09:04
362437,27/02/2016,21:00,08:00,,
362437,28/02/2016,21:00,08:00,,07:37
362437,29/02/2016,21:00,08:00,13:00,
362438,16/02/2016,20:00,07:00,,
362438,17/02/2016,20:00,07:00,19:40,07:00
362438,18/02/2016,20:00,07:00,,
362438,19/02/2016,20:00,07:00,19:58,07:00
362438,20/02/2016,20:00,07:00,,
362438,21/02/2016,20:00,07:00,,
362438,22/02/2016,20:00,07:00,,
362438,23/02/2016,20:00,07:00,19:51,07:00
362438,24/02/2016,20:00,07:00,,
362438,25/02/2016,20:00,07:00,20:44,07:06
362438,26/02/2016,20:00,07:00,,
362438,27/02/2016,20:00,07:00,,
362438,28/02/2016,20:00,07:00,,
362438,29/02/2016,20:00,07:00,20:19,06:42
362439,16/02/2016,20:00,07:00,20:03,07:01
362439,17/02/2016,20:00,07:00,,
362439,18/02/2016,20:00,07:00,20:01,07:00
362439,19/02/2016,20:00,07:00,,
362439,20/02/2016,20:00,07:00,,
362439,21/02/2016,20:00,07:00,,
362439,22/02/2016,20:00,07:00,20:03,07:02
362439,23/02/2016,20:00,07:00,,
362439,24/02/2016,20:00,07:00,20:04,07:00
362439,25/02/2016,20:00,07:00,,
362439,26/02/2016,20:00,07:00,20:01,07:04
362439,27/02/2016,20:00,07:00,,
362439,28/02/2016,20:00,07:00,,
362439,29/02/2016,20:00,07:00,,
362440,16/02/2016,13:30,20:00,13:02,20:11
362440,17/02/2016,13:30,20:00,13:18,20:00
362440,18/02/2016,13:30,20:00,13:08,20:00
362440,19/02/2016,13:30,20:00,13:19,20:00
362440,20/02/2016,13:30,20:00,,
362440,21/02/2016,13:30,20:00,,
362440,22/02/2016,13:30,20:00,06:57,20:00
362440,23/02/2016,13:30,20:00,13:14,20:02
362440,24/02/2016,13:30,20:00,13:11,20:10
362440,25/02/2016,13:30,20:00,13:15,20:04
362440,26/02/2016,13:30,20:00,13:17,20:00
362440,27/02/2016,13:30,20:00,,
362440,28/02/2016,13:30,20:00,,
362440,29/02/2016,13:30,20:00,13:10,20:00
362441,16/02/2016,07:00,19:00,,
362441,17/02/2016,07:00,19:00,,
362441,18/02/2016,07:00,19:00,,
362441,19/02/2016,07:00,19:00,,
362441,20/02/2016,07:00,19:00,06:56,19:00
362441,21/02/2016,07:00,19:00,07:00,19:00
362441,22/02/2016,07:00,19:00,,
362441,23/02/2016,07:00,19:00,,
362441,24/02/2016,07:00,19:00,,
362441,25/02/2016,07:00,19:00,,
362441,26/02/2016,07:00,19:00,,
362441,27/02/2016,07:00,19:00,07:04,19:00
362441,28/02/2016,07:00,19:00,07:03,19:00
362441,29/02/2016,07:00,19:00,,
362442,16/02/2016,19:00,07:00,,
362442,17/02/2016,19:00,07:00,,
362442,18/02/2016,19:00,07:00,,
362442,19/02/2016,19:00,07:00,,
362442,20/02/2016,19:00,07:00,18:50,07:07
362442,21/02/2016,19:00,07:00,18:25,07:04
362442,22/02/2016,19:00,07:00,,
362442,23/02/2016,19:00,07:00,,
362442,24/02/2016,19:00,07:00,,
362442,25/02/2016,19:00,07:00,,
362442,26/02/2016,19:00,07:00,,
362442,27/02/2016,19:00,07:00,19:04,07:06
362442,28/02/2016,19:00,07:00,18:56,07:05
362442,29/02/2016,19:00,07:00,,
362443,16/02/2016,07:00,13:30,07:00,13:31
362443,17/02/2016,07:00,13:30,06:53,13:31
362443,18/02/2016,07:00,13:30,07:01,13:33
362443,19/02/2016,07:00,13:30,07:01,13:32
362443,20/02/2016,07:00,13:30,,
362443,21/02/2016,07:00,13:30,,
362443,22/02/2016,07:00,13:30,07:00,13:34
362443,23/02/2016,07:00,13:30,06:57,13:30
362443,24/02/2016,07:00,13:30,07:01,13:42
362443,25/02/2016,07:00,13:30,06:57,13:32
362443,26/02/2016,07:00,13:30,06:59,13:34
362443,27/02/2016,07:00,13:30,,
362443,28/02/2016,07:00,13:30,,
362443,29/02/2016,07:00,13:30,07:02,13:30
362444,16/02/2016,20:00,07:00,,
362444,17/02/2016,20:00,07:00,19:59,07:00
362444,18/02/2016,20:00,07:00,,
362444,19/02/2016,20:00,07:00,19:47,07:02
362444,20/02/2016,20:00,07:00,,
362444,21/02/2016,20:00,07:00,,
362444,22/02/2016,20:00,07:00,,
362444,23/02/2016,20:00,07:00,19:43,07:00
362444,24/02/2016,20:00,07:00,,
362444,25/02/2016,20:00,07:00,19:52,07:00
362444,26/02/2016,20:00,07:00,,
362444,27/02/2016,20:00,07:00,,
362444,28/02/2016,20:00,07:00,,
362444,29/02/2016,20:00,07:00,19:50,07:02
362445,16/02/2016,07:00,13:30,06:01,13:36
362445,17/02/2016,07:00,13:30,06:00,13:33
362445,18/02/2016,07:00,13:30,06:06,13:30
362445,19/02/2016,07:00,13:30,06:07,13:30
362445,20/02/2016,07:00,13:30,,
362445,21/02/2016,07:00,13:30,,
362445,22/02/2016,07:00,13:30,06:08,13:30
362445,23/02/2016,07:00,13:30,06:06,13:33
362445,24/02/2016,07:00,13:30,06:20,13:31
362445,25/02/2016,07:00,13:30,06:15,13:30
362445,26/02/2016,07:00,13:30,06:19,13:38
362445,27/02/2016,07:00,13:30,,
362445,28/02/2016,07:00,13:30,,
362445,29/02/2016,07:00,13:30,06:12,13:32
362446,16/02/2016,07:00,19:00,,
362446,17/02/2016,07:00,19:00,,
362446,18/02/2016,07:00,19:00,,
362446,19/02/2016,07:00,19:00,,
362446,20/02/2016,07:00,19:00,06:58,19:04
362446,21/02/2016,07:00,19:00,07:00,19:07
362446,22/02/2016,07:00,19:00,,
362446,23/02/2016,07:00,19:00,,
362446,24/02/2016,07:00,19:00,,
362446,25/02/2016,07:00,19:00,,
362446,26/02/2016,07:00,19:00,,
362446,27/02/2016,07:00,19:00,06:57,19:00
362446,28/02/2016,07:00,19:00,07:04,19:03
362446,29/02/2016,07:00,19:00,,
362447,16/02/2016,07:00,13:30,06:46,14:00
362447,17/02/2016,07:00,13:30,06:44,13:37
362447,18/02/2016,07:00,13:30,06:46,13:38
362447,19/02/2016,07:00,13:30,06:51,13:42
362447,20/02/2016,07:00,13:30,,
362447,21/02/2016,07:00,13:30,,
362447,22/02/2016,07:00,13:30,06:36,13:31
362447,23/02/2016,07:00,13:30,06:49,13:49
362447,24/02/2016,07:00,13:30,06:49,13:53
362447,25/02/2016,07:00,13:30,06:51,13:56
362447,26/02/2016,07:00,13:30,06:56,13:34
362447,27/02/2016,07:00,13:30,,
362447,28/02/2016,07:00,13:30,,
362447,29/02/2016,07:00,13:30,06:46,13:31
362457,16/02/2016,13:30,20:00,13:31,20:01
362457,17/02/2016,13:30,20:00,13:31,20:05
362457,18/02/2016,13:30,20:00,13:26,20:01
362457,19/02/2016,13:30,20:00,13:28,20:00
362457,20/02/2016,13:30,20:00,,
362457,21/02/2016,13:30,20:00,,
362457,22/02/2016,13:30,20:00,13:26,20:02
362457,23/02/2016,13:30,20:00,,20:00
362457,24/02/2016,13:30,20:00,13:26,20:00
362457,25/02/2016,13:30,20:00,13:28,20:01
362457,26/02/2016,13:30,20:00,13:29,20:00
362457,27/02/2016,13:30,20:00,,
362457,28/02/2016,13:30,20:00,,
362457,29/02/2016,13:30,20:00,13:17,20:00
362459,16/02/2016,07:00,13:30,07:06,13:30
362459,17/02/2016,07:00,13:30,07:05,13:30
362459,18/02/2016,07:00,13:30,07:07,13:34
362459,19/02/2016,07:00,13:30,07:08,13:31
362459,20/02/2016,07:00,13:30,07:05,19:09
362459,21/02/2016,07:00,13:30,,
362459,22/02/2016,07:00,13:30,07:04,13:32
362459,23/02/2016,07:00,13:30,07:09,13:31
362459,24/02/2016,07:00,13:30,07:09,13:30
362459,25/02/2016,07:00,13:30,07:06,13:30
362459,26/02/2016,07:00,13:30,07:04,20:00
362459,27/02/2016,07:00,13:30,07:05,19:00
362459,28/02/2016,07:00,13:30,,
362459,29/02/2016,07:00,13:30,07:06,13:30
362460,16/02/2016,13:30,20:00,13:27,20:06
362460,17/02/2016,13:30,20:00,13:32,20:13
362460,18/02/2016,13:30,20:00,13:22,20:04
362460,19/02/2016,13:30,20:00,13:39,20:01
362460,20/02/2016,13:30,20:00,,
362460,21/02/2016,13:30,20:00,,
362460,22/02/2016,13:30,20:00,13:28,20:10
362460,23/02/2016,13:30,20:00,13:29,20:21
362460,24/02/2016,13:30,20:00,13:34,20:06
362460,25/02/2016,13:30,20:00,13:30,20:20
362460,26/02/2016,13:30,20:00,13:37,20:37
362460,27/02/2016,13:30,20:00,,
362460,28/02/2016,13:30,20:00,,
362460,29/02/2016,13:30,20:00,13:26,20:17
363849,16/02/2016,08:00,16:00,07:02,17:59
363849,17/02/2016,08:00,16:00,06:57,16:42
363849,18/02/2016,08:00,16:00,07:01,17:33
363849,19/02/2016,08:00,16:00,07:06,17:04
363849,20/02/2016,08:00,16:00,09:01,
363849,21/02/2016,08:00,16:00,08:58,
363849,22/02/2016,08:00,16:00,07:02,17:47
363849,23/02/2016,08:00,16:00,06:52,17:36
363849,24/02/2016,08:00,16:00,07:04,17:13
363849,25/02/2016,08:00,16:00,06:56,16:28
363849,26/02/2016,08:00,16:00,07:04,17:05
363849,27/02/2016,08:00,16:00,,
363849,28/02/2016,08:00,16:00,09:07,
363849,29/02/2016,08:00,16:00,06:56,17:02
365081,16/02/2016,07:00,19:00,,
365081,17/02/2016,07:00,19:00,,
365081,18/02/2016,07:00,19:00,,
365081,19/02/2016,07:00,19:00,,
365081,20/02/2016,07:00,19:00,,
365081,21/02/2016,07:00,19:00,,
365081,22/02/2016,07:00,19:00,,
365081,23/02/2016,07:00,19:00,,
365081,24/02/2016,07:00,19:00,,
365081,25/02/2016,07:00,19:00,,
365081,26/02/2016,07:00,19:00,,
365081,27/02/2016,07:00,19:00,06:47,19:15
365081,28/02/2016,07:00,19:00,06:51,19:02
365081,29/02/2016,07:00,19:00,,
365101,16/02/2016,13:30,20:00,13:14,20:01
365101,17/02/2016,13:30,20:00,13:19,20:02
365101,18/02/2016,13:30,20:00,13:13,20:00
365101,19/02/2016,13:30,20:00,13:09,20:06
365101,20/02/2016,13:30,20:00,,
365101,21/02/2016,13:30,20:00,,
365101,22/02/2016,13:30,20:00,13:11,20:01
365101,23/02/2016,13:30,20:00,13:12,20:01
365101,24/02/2016,13:30,20:00,13:12,20:08
365101,25/02/2016,13:30,20:00,13:18,20:01
365101,26/02/2016,13:30,20:00,13:16,20:04
365101,27/02/2016,13:30,20:00,,
365101,28/02/2016,13:30,20:00,,
365101,29/02/2016,13:30,20:00,13:12,20:01
